index,leverage_cap,status,timestamp
0,0.5,Bio Stress Detected - Trade Adjusted,2026-05-11 07:30:39.919760
2,0.1,Bio Stress Detected - Trade Adjusted,2026-05-11 07:30:39.944321
3,0.5,Bio Stress Detected - Trade Adjusted,2026-05-11 07:30:39.959207
6,0.5,Bio Stress Detected - Trade Adjusted,2026-05-11 07:30:39.974558
7,0.1,Bio Stress Detected - Trade Adjusted,2026-05-11 07:30:39.991137
8,0.5,Bio Stress Detected - Trade Adjusted,2026-05-11 07:30:40.006459
11,0.1,Bio Stress Detected - Trade Adjusted,2026-05-11 07:30:40.020997
12,0.5,Bio Stress Detected - Trade Adjusted,2026-05-11 07:30:40.035865
13,0.5,Bio Stress Detected - Trade Adjusted,2026-05-11 07:30:40.051205
14,0.5,Bio Stress Detected - Trade Adjusted,2026-05-11 07:30:40.065514
16,0.5,Bio Stress Detected - Trade Adjusted,2026-05-11 07:30:40.081542
17,0.5,Bio Stress Detected - Trade Adjusted,2026-05-11 07:30:40.097953
18,0.5,Bio Stress Detected - Trade Adjusted,2026-05-11 07:30:40.113574
20,0.5,Bio Stress Detected - Trade Adjusted,2026-05-11 07:30:40.129068
21,0.5,Bio Stress Detected - Trade Adjusted,2026-05-11 07:30:40.143348
23,0.5,Bio Stress Detected - Trade Adjusted,2026-05-11 07:30:40.157373
24,0.1,Bio Stress Detected - Trade Adjusted,2026-05-11 07:30:40.172326
25,0.5,Bio Stress Detected - Trade Adjusted,2026-05-11 07:30:40.188715
26,0.1,Bio Stress Detected - Trade Adjusted,2026-05-11 07:30:40.205073
27,0.5,Bio Stress Detected - Trade Adjusted,2026-05-11 07:30:40.220360
28,0.1,Bio Stress Detected - Trade Adjusted,2026-05-11 07:30:40.235665
29,0.5,Bio Stress Detected - Trade Adjusted,2026-05-11 07:30:40.250801
30,0.1,Bio Stress Detected - Trade Adjusted,2026-05-11 07:30:40.265225
31,0.5,Bio Stress Detected - Trade Adjusted,2026-05-11 07:30:40.279701
34,0.5,Bio Stress Detected - Trade Adjusted,2026-05-11 07:30:40.294578
35,0.5,Bio Stress Detected - Trade Adjusted,2026-05-11 07:30:40.309790
36,0.5,Bio Stress Detected - Trade Adjusted,2026-05-11 07:30:40.324082
39,0.5,Bio Stress Detected - Trade Adjusted,2026-05-11 07:30:40.338551
44,0.1,Bio Stress Detected - Trade Adjusted,2026-05-11 07:30:40.354154
45,0.5,Bio Stress Detected - Trade Adjusted,2026-05-11 07:30:40.370107
46,0.5,Bio Stress Detected - Trade Adjusted,2026-05-11 07:30:40.384851
50,0.1,Bio Stress Detected - Trade Adjusted,2026-05-11 07:30:40.399742
52,0.5,Bio Stress Detected - Trade Adjusted,2026-05-11 07:30:40.414989
53,0.5,Bio Stress Detected - Trade Adjusted,2026-05-11 07:30:40.429819
54,0.1,Bio Stress Detected - Trade Adjusted,2026-05-11 07:30:40.443885
58,0.5,Bio Stress Detected - Trade Adjusted,2026-05-11 07:30:40.458172
59,0.5,Bio Stress Detected - Trade Adjusted,2026-05-11 07:30:40.473474
60,0.1,Bio Stress Detected - Trade Adjusted,2026-05-11 07:30:40.489093
67,0.5,Bio Stress Detected - Trade Adjusted,2026-05-11 07:30:40.503137
68,0.1,Bio Stress Detected - Trade Adjusted,2026-05-11 07:30:40.517440
72,0.5,Bio Stress Detected - Trade Adjusted,2026-05-11 07:30:40.533406
73,0.5,Bio Stress Detected - Trade Adjusted,2026-05-11 07:30:40.547765
74,0.1,Bio Stress Detected - Trade Adjusted,2026-05-11 07:30:40.562701
76,0.1,Bio Stress Detected - Trade Adjusted,2026-05-11 07:30:40.579021
77,0.5,Bio Stress Detected - Trade Adjusted,2026-05-11 07:30:40.593950
79,0.5,Bio Stress Detected - Trade Adjusted,2026-05-11 07:30:40.608972
81,0.5,Bio Stress Detected - Trade Adjusted,2026-05-11 07:30:40.625200
83,0.5,Bio Stress Detected - Trade Adjusted,2026-05-11 07:30:40.639801
84,0.5,Bio Stress Detected - Trade Adjusted,2026-05-11 07:30:40.654898
89,0.5,Bio Stress Detected - Trade Adjusted,2026-05-11 07:30:40.669773
90,0.1,Bio Stress Detected - Trade Adjusted,2026-05-11 07:30:40.685121
94,0.5,Bio Stress Detected - Trade Adjusted,2026-05-11 07:30:40.700701
95,0.5,Bio Stress Detected - Trade Adjusted,2026-05-11 07:30:40.714557
96,0.5,Bio Stress Detected - Trade Adjusted,2026-05-11 07:30:40.728205
98,0.5,Bio Stress Detected - Trade Adjusted,2026-05-11 07:30:40.742651
99,0.1,Bio Stress Detected - Trade Adjusted,2026-05-11 07:30:40.757873
100,0.1,Bio Stress Detected - Trade Adjusted,2026-05-11 07:30:40.772254
102,0.5,Bio Stress Detected - Trade Adjusted,2026-05-11 07:30:40.787244
105,0.5,Bio Stress Detected - Trade Adjusted,2026-05-11 07:30:40.801847
106,0.5,Bio Stress Detected - Trade Adjusted,2026-05-11 07:30:40.817026
108,0.1,Bio Stress Detected - Trade Adjusted,2026-05-11 07:30:40.832672
109,0.1,Bio Stress Detected - Trade Adjusted,2026-05-11 07:30:40.847704
110,0.1,Bio Stress Detected - Trade Adjusted,2026-05-11 07:30:40.862964
112,0.5,Bio Stress Detected - Trade Adjusted,2026-05-11 07:30:40.879085
114,0.1,Bio Stress Detected - Trade Adjusted,2026-05-11 07:30:40.894276
116,0.5,Bio Stress Detected - Trade Adjusted,2026-05-11 07:30:40.909109
118,0.1,Bio Stress Detected - Trade Adjusted,2026-05-11 07:30:40.924214
120,0.5,Bio Stress Detected - Trade Adjusted,2026-05-11 07:30:40.938729
121,0.5,Bio Stress Detected - Trade Adjusted,2026-05-11 07:30:40.952806
125,0.5,Bio Stress Detected - Trade Adjusted,2026-05-11 07:30:40.966743
127,0.5,Bio Stress Detected - Trade Adjusted,2026-05-11 07:30:40.981570
128,0.1,Bio Stress Detected - Trade Adjusted,2026-05-11 07:30:40.996245
129,0.5,Bio Stress Detected - Trade Adjusted,2026-05-11 07:30:41.010963
130,0.5,Bio Stress Detected - Trade Adjusted,2026-05-11 07:30:41.025206
131,0.1,Bio Stress Detected - Trade Adjusted,2026-05-11 07:30:41.039358
132,0.5,Bio Stress Detected - Trade Adjusted,2026-05-11 07:30:41.054349
133,0.5,Bio Stress Detected - Trade Adjusted,2026-05-11 07:30:41.069307
134,0.5,Bio Stress Detected - Trade Adjusted,2026-05-11 07:30:41.084922
136,0.5,Bio Stress Detected - Trade Adjusted,2026-05-11 07:30:41.098908
137,0.5,Bio Stress Detected - Trade Adjusted,2026-05-11 07:30:41.113039
138,0.5,Bio Stress Detected - Trade Adjusted,2026-05-11 07:30:41.129019
140,0.5,Bio Stress Detected - Trade Adjusted,2026-05-11 07:30:41.143458
142,0.5,Bio Stress Detected - Trade Adjusted,2026-05-11 07:30:41.158098
143,0.5,Bio Stress Detected - Trade Adjusted,2026-05-11 07:30:41.173372
144,0.5,Bio Stress Detected - Trade Adjusted,2026-05-11 07:30:41.189689
149,0.5,Bio Stress Detected - Trade Adjusted,2026-05-11 07:30:41.205119
150,0.1,Bio Stress Detected - Trade Adjusted,2026-05-11 07:30:41.219716
152,0.1,Bio Stress Detected - Trade Adjusted,2026-05-11 07:30:41.235610
158,0.1,Bio Stress Detected - Trade Adjusted,2026-05-11 07:30:41.250362
162,0.1,Bio Stress Detected - Trade Adjusted,2026-05-11 07:30:41.265583
165,0.1,Bio Stress Detected - Trade Adjusted,2026-05-11 07:30:41.280638
166,0.5,Bio Stress Detected - Trade Adjusted,2026-05-11 07:30:41.295510
167,0.5,Bio Stress Detected - Trade Adjusted,2026-05-11 07:30:41.310108
168,0.1,Bio Stress Detected - Trade Adjusted,2026-05-11 07:30:41.324110
170,0.5,Bio Stress Detected - Trade Adjusted,2026-05-11 07:30:41.338708
171,0.5,Bio Stress Detected - Trade Adjusted,2026-05-11 07:30:41.353804
175,0.5,Bio Stress Detected - Trade Adjusted,2026-05-11 07:30:41.369358
178,0.1,Bio Stress Detected - Trade Adjusted,2026-05-11 07:30:41.384912
179,0.1,Bio Stress Detected - Trade Adjusted,2026-05-11 07:30:41.399610
180,0.1,Bio Stress Detected - Trade Adjusted,2026-05-11 07:30:41.414354
182,0.5,Bio Stress Detected - Trade Adjusted,2026-05-11 07:30:41.429256
185,0.1,Bio Stress Detected - Trade Adjusted,2026-05-11 07:30:41.445297
188,0.5,Bio Stress Detected - Trade Adjusted,2026-05-11 07:30:41.459704
189,0.5,Bio Stress Detected - Trade Adjusted,2026-05-11 07:30:41.475014
190,0.5,Bio Stress Detected - Trade Adjusted,2026-05-11 07:30:41.490684
191,0.5,Bio Stress Detected - Trade Adjusted,2026-05-11 07:30:41.505621
192,0.5,Bio Stress Detected - Trade Adjusted,2026-05-11 07:30:41.520251
193,0.1,Bio Stress Detected - Trade Adjusted,2026-05-11 07:30:41.534551
195,0.5,Bio Stress Detected - Trade Adjusted,2026-05-11 07:30:41.548833
196,0.5,Bio Stress Detected - Trade Adjusted,2026-05-11 07:30:41.563330
199,0.5,Bio Stress Detected - Trade Adjusted,2026-05-11 07:30:41.578739
202,0.1,Bio Stress Detected - Trade Adjusted,2026-05-11 07:30:41.593904
211,0.5,Bio Stress Detected - Trade Adjusted,2026-05-11 07:30:41.608267
213,0.5,Bio Stress Detected - Trade Adjusted,2026-05-11 07:30:41.623803
220,0.1,Bio Stress Detected - Trade Adjusted,2026-05-11 07:30:41.639609
221,0.1,Bio Stress Detected - Trade Adjusted,2026-05-11 07:30:41.654469
224,0.5,Bio Stress Detected - Trade Adjusted,2026-05-11 07:30:41.670777
225,0.1,Bio Stress Detected - Trade Adjusted,2026-05-11 07:30:41.685698
228,0.5,Bio Stress Detected - Trade Adjusted,2026-05-11 07:30:41.700613
229,0.5,Bio Stress Detected - Trade Adjusted,2026-05-11 07:30:41.716297
232,0.5,Bio Stress Detected - Trade Adjusted,2026-05-11 07:30:41.731919
233,0.5,Bio Stress Detected - Trade Adjusted,2026-05-11 07:30:41.746116
240,0.5,Bio Stress Detected - Trade Adjusted,2026-05-11 07:30:41.760265
241,0.5,Bio Stress Detected - Trade Adjusted,2026-05-11 07:30:41.774815
244,0.5,Bio Stress Detected - Trade Adjusted,2026-05-11 07:30:41.790695
245,0.1,Bio Stress Detected - Trade Adjusted,2026-05-11 07:30:41.804774
246,0.5,Bio Stress Detected - Trade Adjusted,2026-05-11 07:30:41.819087
247,0.5,Bio Stress Detected - Trade Adjusted,2026-05-11 07:30:41.834383
249,0.1,Bio Stress Detected - Trade Adjusted,2026-05-11 07:30:41.849903
250,0.5,Bio Stress Detected - Trade Adjusted,2026-05-11 07:30:41.864606
251,0.5,Bio Stress Detected - Trade Adjusted,2026-05-11 07:30:41.878723
253,0.5,Bio Stress Detected - Trade Adjusted,2026-05-11 07:30:41.892964
256,0.5,Bio Stress Detected - Trade Adjusted,2026-05-11 07:30:41.906748
257,0.5,Bio Stress Detected - Trade Adjusted,2026-05-11 07:30:41.920613
268,0.5,Bio Stress Detected - Trade Adjusted,2026-05-11 07:30:41.935878
273,0.5,Bio Stress Detected - Trade Adjusted,2026-05-11 07:30:41.950693
277,0.1,Bio Stress Detected - Trade Adjusted,2026-05-11 07:30:41.964818
278,0.5,Bio Stress Detected - Trade Adjusted,2026-05-11 07:30:41.978783
279,0.5,Bio Stress Detected - Trade Adjusted,2026-05-11 07:30:41.994020
281,0.5,Bio Stress Detected - Trade Adjusted,2026-05-11 07:30:42.008526
282,0.5,Bio Stress Detected - Trade Adjusted,2026-05-11 07:30:42.025986
283,0.5,Bio Stress Detected - Trade Adjusted,2026-05-11 07:30:42.040890
287,0.1,Bio Stress Detected - Trade Adjusted,2026-05-11 07:30:42.055539
289,0.5,Bio Stress Detected - Trade Adjusted,2026-05-11 07:30:42.070340
291,0.5,Bio Stress Detected - Trade Adjusted,2026-05-11 07:30:42.085999
292,0.5,Bio Stress Detected - Trade Adjusted,2026-05-11 07:30:42.100233
294,0.5,Bio Stress Detected - Trade Adjusted,2026-05-11 07:30:42.114894
296,0.5,Bio Stress Detected - Trade Adjusted,2026-05-11 07:30:42.130740
297,0.5,Bio Stress Detected - Trade Adjusted,2026-05-11 07:30:42.146687
298,0.5,Bio Stress Detected - Trade Adjusted,2026-05-11 07:30:42.161521
299,0.5,Bio Stress Detected - Trade Adjusted,2026-05-11 07:30:42.177136
300,0.5,Bio Stress Detected - Trade Adjusted,2026-05-11 07:30:42.193185
302,0.1,Bio Stress Detected - Trade Adjusted,2026-05-11 07:30:42.208244
305,0.5,Bio Stress Detected - Trade Adjusted,2026-05-11 07:30:42.223207
308,0.1,Bio Stress Detected - Trade Adjusted,2026-05-11 07:30:42.237724
309,0.1,Bio Stress Detected - Trade Adjusted,2026-05-11 07:30:42.251799
312,0.1,Bio Stress Detected - Trade Adjusted,2026-05-11 07:30:42.266023
314,0.1,Bio Stress Detected - Trade Adjusted,2026-05-11 07:30:42.280227
316,0.1,Bio Stress Detected - Trade Adjusted,2026-05-11 07:30:42.295841
317,0.5,Bio Stress Detected - Trade Adjusted,2026-05-11 07:30:42.311648
319,0.5,Bio Stress Detected - Trade Adjusted,2026-05-11 07:30:42.326107
320,0.1,Bio Stress Detected - Trade Adjusted,2026-05-11 07:30:42.341198
321,0.1,Bio Stress Detected - Trade Adjusted,2026-05-11 07:30:42.356092
323,0.1,Bio Stress Detected - Trade Adjusted,2026-05-11 07:30:42.372038
324,0.1,Bio Stress Detected - Trade Adjusted,2026-05-11 07:30:42.388156
329,0.1,Bio Stress Detected - Trade Adjusted,2026-05-11 07:30:42.402516
330,0.5,Bio Stress Detected - Trade Adjusted,2026-05-11 07:30:42.418083
331,0.5,Bio Stress Detected - Trade Adjusted,2026-05-11 07:30:42.434253
333,0.5,Bio Stress Detected - Trade Adjusted,2026-05-11 07:30:42.448715
334,0.5,Bio Stress Detected - Trade Adjusted,2026-05-11 07:30:42.463819
336,0.5,Bio Stress Detected - Trade Adjusted,2026-05-11 07:30:42.478749
340,0.5,Bio Stress Detected - Trade Adjusted,2026-05-11 07:30:42.494332
341,0.5,Bio Stress Detected - Trade Adjusted,2026-05-11 07:30:42.508720
343,0.1,Bio Stress Detected - Trade Adjusted,2026-05-11 07:30:42.522755
347,0.1,Bio Stress Detected - Trade Adjusted,2026-05-11 07:30:42.537612
349,0.5,Bio Stress Detected - Trade Adjusted,2026-05-11 07:30:42.552112
350,0.5,Bio Stress Detected - Trade Adjusted,2026-05-11 07:30:42.566695
352,0.5,Bio Stress Detected - Trade Adjusted,2026-05-11 07:30:42.582193
353,0.5,Bio Stress Detected - Trade Adjusted,2026-05-11 07:30:42.596493
355,0.1,Bio Stress Detected - Trade Adjusted,2026-05-11 07:30:42.611690
356,0.1,Bio Stress Detected - Trade Adjusted,2026-05-11 07:30:42.627024
359,0.1,Bio Stress Detected - Trade Adjusted,2026-05-11 07:30:42.643959
361,0.1,Bio Stress Detected - Trade Adjusted,2026-05-11 07:30:42.659927
370,0.1,Bio Stress Detected - Trade Adjusted,2026-05-11 07:30:42.676329
373,0.5,Bio Stress Detected - Trade Adjusted,2026-05-11 07:30:42.691510
375,0.1,Bio Stress Detected - Trade Adjusted,2026-05-11 07:30:42.706757
376,0.5,Bio Stress Detected - Trade Adjusted,2026-05-11 07:30:42.721497
380,0.5,Bio Stress Detected - Trade Adjusted,2026-05-11 07:30:42.736558
381,0.5,Bio Stress Detected - Trade Adjusted,2026-05-11 07:30:42.751361
387,0.5,Bio Stress Detected - Trade Adjusted,2026-05-11 07:30:42.765856
389,0.5,Bio Stress Detected - Trade Adjusted,2026-05-11 07:30:42.781477
391,0.5,Bio Stress Detected - Trade Adjusted,2026-05-11 07:30:42.797357
392,0.1,Bio Stress Detected - Trade Adjusted,2026-05-11 07:30:42.811910
394,0.1,Bio Stress Detected - Trade Adjusted,2026-05-11 07:30:42.826715
395,0.1,Bio Stress Detected - Trade Adjusted,2026-05-11 07:30:42.841789
396,0.1,Bio Stress Detected - Trade Adjusted,2026-05-11 07:30:42.857241
398,0.5,Bio Stress Detected - Trade Adjusted,2026-05-11 07:30:42.873571
400,0.5,Bio Stress Detected - Trade Adjusted,2026-05-11 07:30:42.889581
401,0.5,Bio Stress Detected - Trade Adjusted,2026-05-11 07:30:42.904832
403,0.5,Bio Stress Detected - Trade Adjusted,2026-05-11 07:30:42.919590
405,0.5,Bio Stress Detected - Trade Adjusted,2026-05-11 07:30:42.935594
406,0.5,Bio Stress Detected - Trade Adjusted,2026-05-11 07:30:42.950536
408,0.5,Bio Stress Detected - Trade Adjusted,2026-05-11 07:30:42.966311
409,0.5,Bio Stress Detected - Trade Adjusted,2026-05-11 07:30:42.980760
411,0.5,Bio Stress Detected - Trade Adjusted,2026-05-11 07:30:42.996979
413,0.1,Bio Stress Detected - Trade Adjusted,2026-05-11 07:30:43.012572
415,0.5,Bio Stress Detected - Trade Adjusted,2026-05-11 07:30:43.027334
418,0.1,Bio Stress Detected - Trade Adjusted,2026-05-11 07:30:43.043313
420,0.1,Bio Stress Detected - Trade Adjusted,2026-05-11 07:30:43.057803
422,0.1,Bio Stress Detected - Trade Adjusted,2026-05-11 07:30:43.074145
423,0.1,Bio Stress Detected - Trade Adjusted,2026-05-11 07:30:43.090708
425,0.5,Bio Stress Detected - Trade Adjusted,2026-05-11 07:30:43.106235
427,0.5,Bio Stress Detected - Trade Adjusted,2026-05-11 07:30:43.122423
429,0.5,Bio Stress Detected - Trade Adjusted,2026-05-11 07:30:43.138122
430,0.1,Bio Stress Detected - Trade Adjusted,2026-05-11 07:30:43.154933
432,0.5,Bio Stress Detected - Trade Adjusted,2026-05-11 07:30:43.169101
433,0.1,Bio Stress Detected - Trade Adjusted,2026-05-11 07:30:43.185592
436,0.5,Bio Stress Detected - Trade Adjusted,2026-05-11 07:30:43.200917
438,0.5,Bio Stress Detected - Trade Adjusted,2026-05-11 07:30:43.216112
440,0.5,Bio Stress Detected - Trade Adjusted,2026-05-11 07:30:43.230909
449,0.1,Bio Stress Detected - Trade Adjusted,2026-05-11 07:30:43.245413
452,0.1,Bio Stress Detected - Trade Adjusted,2026-05-11 07:30:43.260559
455,0.1,Bio Stress Detected - Trade Adjusted,2026-05-11 07:30:43.275000
458,0.5,Bio Stress Detected - Trade Adjusted,2026-05-11 07:30:43.291767
461,0.1,Bio Stress Detected - Trade Adjusted,2026-05-11 07:30:43.306507
462,0.1,Bio Stress Detected - Trade Adjusted,2026-05-11 07:30:43.322010
466,0.5,Bio Stress Detected - Trade Adjusted,2026-05-11 07:30:43.338783
468,0.1,Bio Stress Detected - Trade Adjusted,2026-05-11 07:30:43.353774
472,0.5,Bio Stress Detected - Trade Adjusted,2026-05-11 07:30:43.368824
473,0.1,Bio Stress Detected - Trade Adjusted,2026-05-11 07:30:43.383854
479,0.5,Bio Stress Detected - Trade Adjusted,2026-05-11 07:30:43.398991
482,0.1,Bio Stress Detected - Trade Adjusted,2026-05-11 07:30:43.414073
483,0.1,Bio Stress Detected - Trade Adjusted,2026-05-11 07:30:43.428988
485,0.5,Bio Stress Detected - Trade Adjusted,2026-05-11 07:30:43.443764
486,0.1,Bio Stress Detected - Trade Adjusted,2026-05-11 07:30:43.457491
490,0.5,Bio Stress Detected - Trade Adjusted,2026-05-11 07:30:43.471579
494,0.1,Bio Stress Detected - Trade Adjusted,2026-05-11 07:30:43.486058
495,0.5,Bio Stress Detected - Trade Adjusted,2026-05-11 07:30:43.500183
497,0.5,Bio Stress Detected - Trade Adjusted,2026-05-11 07:30:43.514775
498,0.1,Bio Stress Detected - Trade Adjusted,2026-05-11 07:30:43.530300
499,0.5,Bio Stress Detected - Trade Adjusted,2026-05-11 07:30:43.545540
500,0.1,Bio Stress Detected - Trade Adjusted,2026-05-11 07:30:43.561103
504,0.1,Bio Stress Detected - Trade Adjusted,2026-05-11 07:30:43.576015
507,0.5,Bio Stress Detected - Trade Adjusted,2026-05-11 07:30:43.591715
508,0.1,Bio Stress Detected - Trade Adjusted,2026-05-11 07:30:43.606016
509,0.5,Bio Stress Detected - Trade Adjusted,2026-05-11 07:30:43.620689
513,0.1,Bio Stress Detected - Trade Adjusted,2026-05-11 07:30:43.634938
514,0.5,Bio Stress Detected - Trade Adjusted,2026-05-11 07:30:43.649643
517,0.1,Bio Stress Detected - Trade Adjusted,2026-05-11 07:30:43.665320
523,0.1,Bio Stress Detected - Trade Adjusted,2026-05-11 07:30:43.681138
526,0.5,Bio Stress Detected - Trade Adjusted,2026-05-11 07:30:43.700665
527,0.5,Bio Stress Detected - Trade Adjusted,2026-05-11 07:30:43.714925
531,0.5,Bio Stress Detected - Trade Adjusted,2026-05-11 07:30:43.730797
532,0.5,Bio Stress Detected - Trade Adjusted,2026-05-11 07:30:43.746341
533,0.5,Bio Stress Detected - Trade Adjusted,2026-05-11 07:30:43.760800
535,0.1,Bio Stress Detected - Trade Adjusted,2026-05-11 07:30:43.775618
536,0.1,Bio Stress Detected - Trade Adjusted,2026-05-11 07:30:43.791602
537,0.1,Bio Stress Detected - Trade Adjusted,2026-05-11 07:30:43.807938
538,0.1,Bio Stress Detected - Trade Adjusted,2026-05-11 07:30:43.822267
539,0.5,Bio Stress Detected - Trade Adjusted,2026-05-11 07:30:43.836894
541,0.5,Bio Stress Detected - Trade Adjusted,2026-05-11 07:30:43.851488
542,0.5,Bio Stress Detected - Trade Adjusted,2026-05-11 07:30:43.865974
548,0.1,Bio Stress Detected - Trade Adjusted,2026-05-11 07:30:43.881375
550,0.5,Bio Stress Detected - Trade Adjusted,2026-05-11 07:30:43.897123
552,0.1,Bio Stress Detected - Trade Adjusted,2026-05-11 07:30:43.912494
555,0.5,Bio Stress Detected - Trade Adjusted,2026-05-11 07:30:43.927097
556,0.5,Bio Stress Detected - Trade Adjusted,2026-05-11 07:30:43.942843
558,0.1,Bio Stress Detected - Trade Adjusted,2026-05-11 07:30:43.958700
559,0.5,Bio Stress Detected - Trade Adjusted,2026-05-11 07:30:43.973601
561,0.5,Bio Stress Detected - Trade Adjusted,2026-05-11 07:30:43.990717
563,0.5,Bio Stress Detected - Trade Adjusted,2026-05-11 07:30:44.005703
564,0.1,Bio Stress Detected - Trade Adjusted,2026-05-11 07:30:44.020532
565,0.5,Bio Stress Detected - Trade Adjusted,2026-05-11 07:30:44.035555
570,0.1,Bio Stress Detected - Trade Adjusted,2026-05-11 07:30:44.051453
572,0.1,Bio Stress Detected - Trade Adjusted,2026-05-11 07:30:44.067828
576,0.1,Bio Stress Detected - Trade Adjusted,2026-05-11 07:30:44.083298
578,0.5,Bio Stress Detected - Trade Adjusted,2026-05-11 07:30:44.099218
579,0.1,Bio Stress Detected - Trade Adjusted,2026-05-11 07:30:44.114565
581,0.5,Bio Stress Detected - Trade Adjusted,2026-05-11 07:30:44.132344
583,0.1,Bio Stress Detected - Trade Adjusted,2026-05-11 07:30:44.148585
586,0.5,Bio Stress Detected - Trade Adjusted,2026-05-11 07:30:44.164112
588,0.5,Bio Stress Detected - Trade Adjusted,2026-05-11 07:30:44.179364
590,0.1,Bio Stress Detected - Trade Adjusted,2026-05-11 07:30:44.195455
591,0.5,Bio Stress Detected - Trade Adjusted,2026-05-11 07:30:44.210007
592,0.5,Bio Stress Detected - Trade Adjusted,2026-05-11 07:30:44.224456
594,0.1,Bio Stress Detected - Trade Adjusted,2026-05-11 07:30:44.238774
595,0.1,Bio Stress Detected - Trade Adjusted,2026-05-11 07:30:44.253356
597,0.1,Bio Stress Detected - Trade Adjusted,2026-05-11 07:30:44.268107
599,0.5,Bio Stress Detected - Trade Adjusted,2026-05-11 07:30:44.283158
600,0.5,Bio Stress Detected - Trade Adjusted,2026-05-11 07:30:44.298825
602,0.5,Bio Stress Detected - Trade Adjusted,2026-05-11 07:30:44.314259
605,0.1,Bio Stress Detected - Trade Adjusted,2026-05-11 07:30:44.329072
607,0.5,Bio Stress Detected - Trade Adjusted,2026-05-11 07:30:44.343535
608,0.5,Bio Stress Detected - Trade Adjusted,2026-05-11 07:30:44.357916
610,0.1,Bio Stress Detected - Trade Adjusted,2026-05-11 07:30:44.373692
611,0.1,Bio Stress Detected - Trade Adjusted,2026-05-11 07:30:44.390013
614,0.1,Bio Stress Detected - Trade Adjusted,2026-05-11 07:30:44.405295
616,0.5,Bio Stress Detected - Trade Adjusted,2026-05-11 07:30:44.422341
618,0.5,Bio Stress Detected - Trade Adjusted,2026-05-11 07:30:44.436871
619,0.5,Bio Stress Detected - Trade Adjusted,2026-05-11 07:30:44.451521
620,0.1,Bio Stress Detected - Trade Adjusted,2026-05-11 07:30:44.466422
621,0.1,Bio Stress Detected - Trade Adjusted,2026-05-11 07:30:44.481662
624,0.5,Bio Stress Detected - Trade Adjusted,2026-05-11 07:30:44.496115
625,0.5,Bio Stress Detected - Trade Adjusted,2026-05-11 07:30:44.510621
626,0.1,Bio Stress Detected - Trade Adjusted,2026-05-11 07:30:44.525289
628,0.1,Bio Stress Detected - Trade Adjusted,2026-05-11 07:30:44.540844
630,0.1,Bio Stress Detected - Trade Adjusted,2026-05-11 07:30:44.555640
631,0.5,Bio Stress Detected - Trade Adjusted,2026-05-11 07:30:44.570918
633,0.1,Bio Stress Detected - Trade Adjusted,2026-05-11 07:30:44.586411
634,0.5,Bio Stress Detected - Trade Adjusted,2026-05-11 07:30:44.602478
635,0.5,Bio Stress Detected - Trade Adjusted,2026-05-11 07:30:44.617919
639,0.1,Bio Stress Detected - Trade Adjusted,2026-05-11 07:30:44.632865
640,0.1,Bio Stress Detected - Trade Adjusted,2026-05-11 07:30:44.647792
641,0.5,Bio Stress Detected - Trade Adjusted,2026-05-11 07:30:44.663360
642,0.5,Bio Stress Detected - Trade Adjusted,2026-05-11 07:30:44.678121
645,0.5,Bio Stress Detected - Trade Adjusted,2026-05-11 07:30:44.694662
649,0.5,Bio Stress Detected - Trade Adjusted,2026-05-11 07:30:44.708927
650,0.1,Bio Stress Detected - Trade Adjusted,2026-05-11 07:30:44.722754
652,0.1,Bio Stress Detected - Trade Adjusted,2026-05-11 07:30:44.737672
656,0.1,Bio Stress Detected - Trade Adjusted,2026-05-11 07:30:44.752661
659,0.5,Bio Stress Detected - Trade Adjusted,2026-05-11 07:30:44.768019
660,0.5,Bio Stress Detected - Trade Adjusted,2026-05-11 07:30:44.784274
661,0.5,Bio Stress Detected - Trade Adjusted,2026-05-11 07:30:44.798550
662,0.5,Bio Stress Detected - Trade Adjusted,2026-05-11 07:30:44.812773
663,0.5,Bio Stress Detected - Trade Adjusted,2026-05-11 07:30:44.827192
670,0.5,Bio Stress Detected - Trade Adjusted,2026-05-11 07:30:44.842262
672,0.5,Bio Stress Detected - Trade Adjusted,2026-05-11 07:30:44.857434
673,0.1,Bio Stress Detected - Trade Adjusted,2026-05-11 07:30:44.873918
674,0.5,Bio Stress Detected - Trade Adjusted,2026-05-11 07:30:44.890432
676,0.5,Bio Stress Detected - Trade Adjusted,2026-05-11 07:30:44.906029
678,0.1,Bio Stress Detected - Trade Adjusted,2026-05-11 07:30:44.921738
679,0.1,Bio Stress Detected - Trade Adjusted,2026-05-11 07:30:44.936955
680,0.5,Bio Stress Detected - Trade Adjusted,2026-05-11 07:30:44.951983
681,0.5,Bio Stress Detected - Trade Adjusted,2026-05-11 07:30:44.967777
684,0.5,Bio Stress Detected - Trade Adjusted,2026-05-11 07:30:44.982985
686,0.1,Bio Stress Detected - Trade Adjusted,2026-05-11 07:30:44.997571
687,0.1,Bio Stress Detected - Trade Adjusted,2026-05-11 07:30:45.012139
688,0.1,Bio Stress Detected - Trade Adjusted,2026-05-11 07:30:45.027095
689,0.1,Bio Stress Detected - Trade Adjusted,2026-05-11 07:30:45.042994
693,0.5,Bio Stress Detected - Trade Adjusted,2026-05-11 07:30:45.058431
694,0.1,Bio Stress Detected - Trade Adjusted,2026-05-11 07:30:45.074546
698,0.5,Bio Stress Detected - Trade Adjusted,2026-05-11 07:30:45.089945
699,0.5,Bio Stress Detected - Trade Adjusted,2026-05-11 07:30:45.105763
700,0.5,Bio Stress Detected - Trade Adjusted,2026-05-11 07:30:45.120993
701,0.1,Bio Stress Detected - Trade Adjusted,2026-05-11 07:30:45.136600
703,0.1,Bio Stress Detected - Trade Adjusted,2026-05-11 07:30:45.152789
705,0.1,Bio Stress Detected - Trade Adjusted,2026-05-11 07:30:45.167790
710,0.1,Bio Stress Detected - Trade Adjusted,2026-05-11 07:30:45.183264
711,0.1,Bio Stress Detected - Trade Adjusted,2026-05-11 07:30:45.198882
713,0.5,Bio Stress Detected - Trade Adjusted,2026-05-11 07:30:45.214575
714,0.5,Bio Stress Detected - Trade Adjusted,2026-05-11 07:30:45.229490
715,0.5,Bio Stress Detected - Trade Adjusted,2026-05-11 07:30:45.244553
720,0.1,Bio Stress Detected - Trade Adjusted,2026-05-11 07:30:45.260175
721,0.1,Bio Stress Detected - Trade Adjusted,2026-05-11 07:30:45.274591
725,0.5,Bio Stress Detected - Trade Adjusted,2026-05-11 07:30:45.289426
731,0.5,Bio Stress Detected - Trade Adjusted,2026-05-11 07:30:45.304732
734,0.5,Bio Stress Detected - Trade Adjusted,2026-05-11 07:30:45.320251
735,0.5,Bio Stress Detected - Trade Adjusted,2026-05-11 07:30:45.335379
736,0.5,Bio Stress Detected - Trade Adjusted,2026-05-11 07:30:45.349923
740,0.5,Bio Stress Detected - Trade Adjusted,2026-05-11 07:30:45.364315
741,0.5,Bio Stress Detected - Trade Adjusted,2026-05-11 07:30:45.378898
742,0.5,Bio Stress Detected - Trade Adjusted,2026-05-11 07:30:45.394974
743,0.1,Bio Stress Detected - Trade Adjusted,2026-05-11 07:30:45.411043
746,0.5,Bio Stress Detected - Trade Adjusted,2026-05-11 07:30:45.427032
747,0.5,Bio Stress Detected - Trade Adjusted,2026-05-11 07:30:45.442530
748,0.1,Bio Stress Detected - Trade Adjusted,2026-05-11 07:30:45.457759
751,0.5,Bio Stress Detected - Trade Adjusted,2026-05-11 07:30:45.473102
756,0.5,Bio Stress Detected - Trade Adjusted,2026-05-11 07:30:45.488669
758,0.5,Bio Stress Detected - Trade Adjusted,2026-05-11 07:30:45.503127
762,0.1,Bio Stress Detected - Trade Adjusted,2026-05-11 07:30:45.517935
763,0.5,Bio Stress Detected - Trade Adjusted,2026-05-11 07:30:45.532507
764,0.1,Bio Stress Detected - Trade Adjusted,2026-05-11 07:30:45.546946
772,0.5,Bio Stress Detected - Trade Adjusted,2026-05-11 07:30:45.562328
774,0.1,Bio Stress Detected - Trade Adjusted,2026-05-11 07:30:45.577465
781,0.5,Bio Stress Detected - Trade Adjusted,2026-05-11 07:30:45.593899
782,0.5,Bio Stress Detected - Trade Adjusted,2026-05-11 07:30:45.609180
783,0.5,Bio Stress Detected - Trade Adjusted,2026-05-11 07:30:45.624953
784,0.5,Bio Stress Detected - Trade Adjusted,2026-05-11 07:30:45.640125
786,0.1,Bio Stress Detected - Trade Adjusted,2026-05-11 07:30:45.655515
791,0.5,Bio Stress Detected - Trade Adjusted,2026-05-11 07:30:45.670313
794,0.1,Bio Stress Detected - Trade Adjusted,2026-05-11 07:30:45.685461
796,0.1,Bio Stress Detected - Trade Adjusted,2026-05-11 07:30:45.700547
800,0.1,Bio Stress Detected - Trade Adjusted,2026-05-11 07:30:45.716088
802,0.5,Bio Stress Detected - Trade Adjusted,2026-05-11 07:30:45.731782
806,0.5,Bio Stress Detected - Trade Adjusted,2026-05-11 07:30:45.746518
807,0.1,Bio Stress Detected - Trade Adjusted,2026-05-11 07:30:45.760991
808,0.5,Bio Stress Detected - Trade Adjusted,2026-05-11 07:30:45.776293
811,0.1,Bio Stress Detected - Trade Adjusted,2026-05-11 07:30:45.791791
816,0.5,Bio Stress Detected - Trade Adjusted,2026-05-11 07:30:45.807872
818,0.5,Bio Stress Detected - Trade Adjusted,2026-05-11 07:30:45.825398
819,0.1,Bio Stress Detected - Trade Adjusted,2026-05-11 07:30:45.846786
820,0.5,Bio Stress Detected - Trade Adjusted,2026-05-11 07:30:45.862420
822,0.1,Bio Stress Detected - Trade Adjusted,2026-05-11 07:30:45.877947
825,0.5,Bio Stress Detected - Trade Adjusted,2026-05-11 07:30:45.895447
830,0.5,Bio Stress Detected - Trade Adjusted,2026-05-11 07:30:45.910705
837,0.1,Bio Stress Detected - Trade Adjusted,2026-05-11 07:30:45.926698
840,0.1,Bio Stress Detected - Trade Adjusted,2026-05-11 07:30:45.942031
843,0.5,Bio Stress Detected - Trade Adjusted,2026-05-11 07:30:45.956841
845,0.5,Bio Stress Detected - Trade Adjusted,2026-05-11 07:30:45.972222
848,0.5,Bio Stress Detected - Trade Adjusted,2026-05-11 07:30:45.988243
849,0.1,Bio Stress Detected - Trade Adjusted,2026-05-11 07:30:46.003034
850,0.1,Bio Stress Detected - Trade Adjusted,2026-05-11 07:30:46.017816
852,0.5,Bio Stress Detected - Trade Adjusted,2026-05-11 07:30:46.032109
853,0.5,Bio Stress Detected - Trade Adjusted,2026-05-11 07:30:46.047003
856,0.1,Bio Stress Detected - Trade Adjusted,2026-05-11 07:30:46.062113
860,0.1,Bio Stress Detected - Trade Adjusted,2026-05-11 07:30:46.077292
861,0.1,Bio Stress Detected - Trade Adjusted,2026-05-11 07:30:46.093686
864,0.5,Bio Stress Detected - Trade Adjusted,2026-05-11 07:30:46.107859
865,0.1,Bio Stress Detected - Trade Adjusted,2026-05-11 07:30:46.123750
869,0.5,Bio Stress Detected - Trade Adjusted,2026-05-11 07:30:46.139246
870,0.5,Bio Stress Detected - Trade Adjusted,2026-05-11 07:30:46.154080
871,0.1,Bio Stress Detected - Trade Adjusted,2026-05-11 07:30:46.169454
873,0.1,Bio Stress Detected - Trade Adjusted,2026-05-11 07:30:46.184700
874,0.1,Bio Stress Detected - Trade Adjusted,2026-05-11 07:30:46.200598
875,0.1,Bio Stress Detected - Trade Adjusted,2026-05-11 07:30:46.215358
876,0.1,Bio Stress Detected - Trade Adjusted,2026-05-11 07:30:46.231692
877,0.5,Bio Stress Detected - Trade Adjusted,2026-05-11 07:30:46.247339
878,0.5,Bio Stress Detected - Trade Adjusted,2026-05-11 07:30:46.262625
880,0.5,Bio Stress Detected - Trade Adjusted,2026-05-11 07:30:46.277866
881,0.5,Bio Stress Detected - Trade Adjusted,2026-05-11 07:30:46.293796
883,0.5,Bio Stress Detected - Trade Adjusted,2026-05-11 07:30:46.308982
884,0.1,Bio Stress Detected - Trade Adjusted,2026-05-11 07:30:46.323317
887,0.5,Bio Stress Detected - Trade Adjusted,2026-05-11 07:30:46.337928
890,0.1,Bio Stress Detected - Trade Adjusted,2026-05-11 07:30:46.353537
891,0.1,Bio Stress Detected - Trade Adjusted,2026-05-11 07:30:46.368613
895,0.5,Bio Stress Detected - Trade Adjusted,2026-05-11 07:30:46.384116
897,0.5,Bio Stress Detected - Trade Adjusted,2026-05-11 07:30:46.399661
899,0.5,Bio Stress Detected - Trade Adjusted,2026-05-11 07:30:46.414797
901,0.1,Bio Stress Detected - Trade Adjusted,2026-05-11 07:30:46.429739
902,0.5,Bio Stress Detected - Trade Adjusted,2026-05-11 07:30:46.444795
904,0.1,Bio Stress Detected - Trade Adjusted,2026-05-11 07:30:46.459989
907,0.1,Bio Stress Detected - Trade Adjusted,2026-05-11 07:30:46.475036
910,0.5,Bio Stress Detected - Trade Adjusted,2026-05-11 07:30:46.490580
911,0.5,Bio Stress Detected - Trade Adjusted,2026-05-11 07:30:46.506679
912,0.5,Bio Stress Detected - Trade Adjusted,2026-05-11 07:30:46.521354
915,0.5,Bio Stress Detected - Trade Adjusted,2026-05-11 07:30:46.536625
916,0.1,Bio Stress Detected - Trade Adjusted,2026-05-11 07:30:46.551527
918,0.1,Bio Stress Detected - Trade Adjusted,2026-05-11 07:30:46.567004
921,0.5,Bio Stress Detected - Trade Adjusted,2026-05-11 07:30:46.582653
923,0.1,Bio Stress Detected - Trade Adjusted,2026-05-11 07:30:46.598861
924,0.5,Bio Stress Detected - Trade Adjusted,2026-05-11 07:30:46.614082
928,0.5,Bio Stress Detected - Trade Adjusted,2026-05-11 07:30:46.630763
929,0.5,Bio Stress Detected - Trade Adjusted,2026-05-11 07:30:46.645719
930,0.5,Bio Stress Detected - Trade Adjusted,2026-05-11 07:30:46.660034
933,0.1,Bio Stress Detected - Trade Adjusted,2026-05-11 07:30:46.676277
940,0.5,Bio Stress Detected - Trade Adjusted,2026-05-11 07:30:46.692083
943,0.5,Bio Stress Detected - Trade Adjusted,2026-05-11 07:30:46.708111
946,0.1,Bio Stress Detected - Trade Adjusted,2026-05-11 07:30:46.723393
947,0.5,Bio Stress Detected - Trade Adjusted,2026-05-11 07:30:46.738836
948,0.5,Bio Stress Detected - Trade Adjusted,2026-05-11 07:30:46.753636
951,0.1,Bio Stress Detected - Trade Adjusted,2026-05-11 07:30:46.769095
955,0.1,Bio Stress Detected - Trade Adjusted,2026-05-11 07:30:46.784840
958,0.1,Bio Stress Detected - Trade Adjusted,2026-05-11 07:30:46.800742
960,0.5,Bio Stress Detected - Trade Adjusted,2026-05-11 07:30:46.815920
961,0.1,Bio Stress Detected - Trade Adjusted,2026-05-11 07:30:46.831245
962,0.5,Bio Stress Detected - Trade Adjusted,2026-05-11 07:30:46.846746
964,0.5,Bio Stress Detected - Trade Adjusted,2026-05-11 07:30:46.863627
971,0.1,Bio Stress Detected - Trade Adjusted,2026-05-11 07:30:46.879126
972,0.5,Bio Stress Detected - Trade Adjusted,2026-05-11 07:30:46.896106
973,0.5,Bio Stress Detected - Trade Adjusted,2026-05-11 07:30:46.910752
978,0.5,Bio Stress Detected - Trade Adjusted,2026-05-11 07:30:46.926115
979,0.1,Bio Stress Detected - Trade Adjusted,2026-05-11 07:30:46.941639
982,0.5,Bio Stress Detected - Trade Adjusted,2026-05-11 07:30:46.956411
984,0.1,Bio Stress Detected - Trade Adjusted,2026-05-11 07:30:46.971750
992,0.5,Bio Stress Detected - Trade Adjusted,2026-05-11 07:30:46.987145
995,0.5,Bio Stress Detected - Trade Adjusted,2026-05-11 07:30:47.002589
996,0.1,Bio Stress Detected - Trade Adjusted,2026-05-11 07:30:47.016941
998,0.1,Bio Stress Detected - Trade Adjusted,2026-05-11 07:30:47.031292
1000,0.5,Bio Stress Detected - Trade Adjusted,2026-05-11 07:30:47.045789
1002,0.1,Bio Stress Detected - Trade Adjusted,2026-05-11 07:30:47.059951
1003,0.5,Bio Stress Detected - Trade Adjusted,2026-05-11 07:30:47.075592
1005,0.5,Bio Stress Detected - Trade Adjusted,2026-05-11 07:30:47.091736
1007,0.5,Bio Stress Detected - Trade Adjusted,2026-05-11 07:30:47.107477
1008,0.1,Bio Stress Detected - Trade Adjusted,2026-05-11 07:30:47.122527
1009,0.5,Bio Stress Detected - Trade Adjusted,2026-05-11 07:30:47.137233
1011,0.5,Bio Stress Detected - Trade Adjusted,2026-05-11 07:30:47.152502
1015,0.1,Bio Stress Detected - Trade Adjusted,2026-05-11 07:30:47.167851
1018,0.1,Bio Stress Detected - Trade Adjusted,2026-05-11 07:30:47.183640
1022,0.1,Bio Stress Detected - Trade Adjusted,2026-05-11 07:30:47.199538
1023,0.1,Bio Stress Detected - Trade Adjusted,2026-05-11 07:30:47.214477
1026,0.5,Bio Stress Detected - Trade Adjusted,2026-05-11 07:30:47.230059
1027,0.5,Bio Stress Detected - Trade Adjusted,2026-05-11 07:30:47.246089
1030,0.1,Bio Stress Detected - Trade Adjusted,2026-05-11 07:30:47.261576
1031,0.5,Bio Stress Detected - Trade Adjusted,2026-05-11 07:30:47.276330
1032,0.5,Bio Stress Detected - Trade Adjusted,2026-05-11 07:30:47.291652
1037,0.5,Bio Stress Detected - Trade Adjusted,2026-05-11 07:30:47.308448
1045,0.1,Bio Stress Detected - Trade Adjusted,2026-05-11 07:30:47.323520
1046,0.1,Bio Stress Detected - Trade Adjusted,2026-05-11 07:30:47.338583
1047,0.1,Bio Stress Detected - Trade Adjusted,2026-05-11 07:30:47.353497
1049,0.1,Bio Stress Detected - Trade Adjusted,2026-05-11 07:30:47.368659
1053,0.1,Bio Stress Detected - Trade Adjusted,2026-05-11 07:30:47.384094
1056,0.5,Bio Stress Detected - Trade Adjusted,2026-05-11 07:30:47.399780
1057,0.5,Bio Stress Detected - Trade Adjusted,2026-05-11 07:30:47.414287
1058,0.5,Bio Stress Detected - Trade Adjusted,2026-05-11 07:30:47.428397
1061,0.1,Bio Stress Detected - Trade Adjusted,2026-05-11 07:30:47.444659
1063,0.5,Bio Stress Detected - Trade Adjusted,2026-05-11 07:30:47.460182
1066,0.1,Bio Stress Detected - Trade Adjusted,2026-05-11 07:30:47.475075
1067,0.5,Bio Stress Detected - Trade Adjusted,2026-05-11 07:30:47.489622
1077,0.5,Bio Stress Detected - Trade Adjusted,2026-05-11 07:30:47.503522
1078,0.1,Bio Stress Detected - Trade Adjusted,2026-05-11 07:30:47.518723
1080,0.1,Bio Stress Detected - Trade Adjusted,2026-05-11 07:30:47.534497
1082,0.5,Bio Stress Detected - Trade Adjusted,2026-05-11 07:30:47.549888
1085,0.1,Bio Stress Detected - Trade Adjusted,2026-05-11 07:30:47.565107
1088,0.1,Bio Stress Detected - Trade Adjusted,2026-05-11 07:30:47.579955
1089,0.5,Bio Stress Detected - Trade Adjusted,2026-05-11 07:30:47.595090
1090,0.5,Bio Stress Detected - Trade Adjusted,2026-05-11 07:30:47.609504
1091,0.1,Bio Stress Detected - Trade Adjusted,2026-05-11 07:30:47.624504
1092,0.1,Bio Stress Detected - Trade Adjusted,2026-05-11 07:30:47.640482
1095,0.1,Bio Stress Detected - Trade Adjusted,2026-05-11 07:30:47.656023
1098,0.1,Bio Stress Detected - Trade Adjusted,2026-05-11 07:30:47.671461
1103,0.5,Bio Stress Detected - Trade Adjusted,2026-05-11 07:30:47.687738
1106,0.1,Bio Stress Detected - Trade Adjusted,2026-05-11 07:30:47.703442
1110,0.1,Bio Stress Detected - Trade Adjusted,2026-05-11 07:30:47.718815
1112,0.5,Bio Stress Detected - Trade Adjusted,2026-05-11 07:30:47.733104
1113,0.5,Bio Stress Detected - Trade Adjusted,2026-05-11 07:30:47.747673
1116,0.5,Bio Stress Detected - Trade Adjusted,2026-05-11 07:30:47.763319
1118,0.1,Bio Stress Detected - Trade Adjusted,2026-05-11 07:30:47.778627
1119,0.1,Bio Stress Detected - Trade Adjusted,2026-05-11 07:30:47.794289
1120,0.1,Bio Stress Detected - Trade Adjusted,2026-05-11 07:30:47.808952
1121,0.1,Bio Stress Detected - Trade Adjusted,2026-05-11 07:30:47.824634
1127,0.5,Bio Stress Detected - Trade Adjusted,2026-05-11 07:30:47.841080
1128,0.5,Bio Stress Detected - Trade Adjusted,2026-05-11 07:30:47.861539
1129,0.5,Bio Stress Detected - Trade Adjusted,2026-05-11 07:30:47.877424
1130,0.5,Bio Stress Detected - Trade Adjusted,2026-05-11 07:30:47.894969
1134,0.1,Bio Stress Detected - Trade Adjusted,2026-05-11 07:30:47.910905
1135,0.5,Bio Stress Detected - Trade Adjusted,2026-05-11 07:30:47.925580
1137,0.5,Bio Stress Detected - Trade Adjusted,2026-05-11 07:30:47.941858
1138,0.5,Bio Stress Detected - Trade Adjusted,2026-05-11 07:30:47.957218
1144,0.5,Bio Stress Detected - Trade Adjusted,2026-05-11 07:30:47.972489
1145,0.5,Bio Stress Detected - Trade Adjusted,2026-05-11 07:30:47.987824
1146,0.5,Bio Stress Detected - Trade Adjusted,2026-05-11 07:30:48.002323
1147,0.1,Bio Stress Detected - Trade Adjusted,2026-05-11 07:30:48.016690
1151,0.1,Bio Stress Detected - Trade Adjusted,2026-05-11 07:30:48.031182
1152,0.5,Bio Stress Detected - Trade Adjusted,2026-05-11 07:30:48.045912
1153,0.5,Bio Stress Detected - Trade Adjusted,2026-05-11 07:30:48.060483
1154,0.5,Bio Stress Detected - Trade Adjusted,2026-05-11 07:30:48.075573
1156,0.5,Bio Stress Detected - Trade Adjusted,2026-05-11 07:30:48.090772
1157,0.5,Bio Stress Detected - Trade Adjusted,2026-05-11 07:30:48.105856
1159,0.5,Bio Stress Detected - Trade Adjusted,2026-05-11 07:30:48.120289
1161,0.1,Bio Stress Detected - Trade Adjusted,2026-05-11 07:30:48.134869
1166,0.5,Bio Stress Detected - Trade Adjusted,2026-05-11 07:30:48.150844
1167,0.5,Bio Stress Detected - Trade Adjusted,2026-05-11 07:30:48.165574
1169,0.5,Bio Stress Detected - Trade Adjusted,2026-05-11 07:30:48.180979
1170,0.5,Bio Stress Detected - Trade Adjusted,2026-05-11 07:30:48.197440
1171,0.1,Bio Stress Detected - Trade Adjusted,2026-05-11 07:30:48.213343
1172,0.1,Bio Stress Detected - Trade Adjusted,2026-05-11 07:30:48.227296
1173,0.1,Bio Stress Detected - Trade Adjusted,2026-05-11 07:30:48.243141
1174,0.1,Bio Stress Detected - Trade Adjusted,2026-05-11 07:30:48.259845
1179,0.5,Bio Stress Detected - Trade Adjusted,2026-05-11 07:30:48.274940
1180,0.5,Bio Stress Detected - Trade Adjusted,2026-05-11 07:30:48.289638
1182,0.1,Bio Stress Detected - Trade Adjusted,2026-05-11 07:30:48.305232
1183,0.1,Bio Stress Detected - Trade Adjusted,2026-05-11 07:30:48.319935
1184,0.5,Bio Stress Detected - Trade Adjusted,2026-05-11 07:30:48.335487
1185,0.1,Bio Stress Detected - Trade Adjusted,2026-05-11 07:30:48.350122
1186,0.5,Bio Stress Detected - Trade Adjusted,2026-05-11 07:30:48.365074
1187,0.1,Bio Stress Detected - Trade Adjusted,2026-05-11 07:30:48.380072
1188,0.1,Bio Stress Detected - Trade Adjusted,2026-05-11 07:30:48.395743
1189,0.5,Bio Stress Detected - Trade Adjusted,2026-05-11 07:30:48.412462
1191,0.5,Bio Stress Detected - Trade Adjusted,2026-05-11 07:30:48.427035
1192,0.5,Bio Stress Detected - Trade Adjusted,2026-05-11 07:30:48.442148
1195,0.1,Bio Stress Detected - Trade Adjusted,2026-05-11 07:30:48.457983
1196,0.5,Bio Stress Detected - Trade Adjusted,2026-05-11 07:30:48.472390
1197,0.5,Bio Stress Detected - Trade Adjusted,2026-05-11 07:30:48.486724
1199,0.5,Bio Stress Detected - Trade Adjusted,2026-05-11 07:30:48.502205
1202,0.5,Bio Stress Detected - Trade Adjusted,2026-05-11 07:30:48.517858
1203,0.1,Bio Stress Detected - Trade Adjusted,2026-05-11 07:30:48.533116
1208,0.5,Bio Stress Detected - Trade Adjusted,2026-05-11 07:30:48.548352
1211,0.1,Bio Stress Detected - Trade Adjusted,2026-05-11 07:30:48.563011
1214,0.5,Bio Stress Detected - Trade Adjusted,2026-05-11 07:30:48.578674
1215,0.5,Bio Stress Detected - Trade Adjusted,2026-05-11 07:30:48.593652
1218,0.1,Bio Stress Detected - Trade Adjusted,2026-05-11 07:30:48.609203
1221,0.1,Bio Stress Detected - Trade Adjusted,2026-05-11 07:30:48.624023
1226,0.5,Bio Stress Detected - Trade Adjusted,2026-05-11 07:30:48.638367
1227,0.1,Bio Stress Detected - Trade Adjusted,2026-05-11 07:30:48.652380
1228,0.5,Bio Stress Detected - Trade Adjusted,2026-05-11 07:30:48.667153
1231,0.1,Bio Stress Detected - Trade Adjusted,2026-05-11 07:30:48.681859
1235,0.5,Bio Stress Detected - Trade Adjusted,2026-05-11 07:30:48.697524
1237,0.1,Bio Stress Detected - Trade Adjusted,2026-05-11 07:30:48.713254
1243,0.5,Bio Stress Detected - Trade Adjusted,2026-05-11 07:30:48.729085
1244,0.5,Bio Stress Detected - Trade Adjusted,2026-05-11 07:30:48.744643
1245,0.1,Bio Stress Detected - Trade Adjusted,2026-05-11 07:30:48.760143
1246,0.5,Bio Stress Detected - Trade Adjusted,2026-05-11 07:30:48.775168
1248,0.1,Bio Stress Detected - Trade Adjusted,2026-05-11 07:30:48.790159
1251,0.1,Bio Stress Detected - Trade Adjusted,2026-05-11 07:30:48.804632
1252,0.1,Bio Stress Detected - Trade Adjusted,2026-05-11 07:30:48.820687
1260,0.5,Bio Stress Detected - Trade Adjusted,2026-05-11 07:30:48.835881
1261,0.5,Bio Stress Detected - Trade Adjusted,2026-05-11 07:30:48.850836
1264,0.5,Bio Stress Detected - Trade Adjusted,2026-05-11 07:30:48.865801
1265,0.1,Bio Stress Detected - Trade Adjusted,2026-05-11 07:30:48.880783
1269,0.5,Bio Stress Detected - Trade Adjusted,2026-05-11 07:30:48.896220
1271,0.1,Bio Stress Detected - Trade Adjusted,2026-05-11 07:30:48.910893
1276,0.1,Bio Stress Detected - Trade Adjusted,2026-05-11 07:30:48.926820
1279,0.1,Bio Stress Detected - Trade Adjusted,2026-05-11 07:30:48.942051
1280,0.1,Bio Stress Detected - Trade Adjusted,2026-05-11 07:30:48.956814
1281,0.5,Bio Stress Detected - Trade Adjusted,2026-05-11 07:30:48.970994
1283,0.5,Bio Stress Detected - Trade Adjusted,2026-05-11 07:30:48.985125
1284,0.5,Bio Stress Detected - Trade Adjusted,2026-05-11 07:30:49.000531
1285,0.1,Bio Stress Detected - Trade Adjusted,2026-05-11 07:30:49.015516
1287,0.1,Bio Stress Detected - Trade Adjusted,2026-05-11 07:30:49.030665
1288,0.5,Bio Stress Detected - Trade Adjusted,2026-05-11 07:30:49.046139
1289,0.5,Bio Stress Detected - Trade Adjusted,2026-05-11 07:30:49.060414
1291,0.1,Bio Stress Detected - Trade Adjusted,2026-05-11 07:30:49.075285
1293,0.1,Bio Stress Detected - Trade Adjusted,2026-05-11 07:30:49.090817
1294,0.5,Bio Stress Detected - Trade Adjusted,2026-05-11 07:30:49.105969
1300,0.5,Bio Stress Detected - Trade Adjusted,2026-05-11 07:30:49.121476
1303,0.5,Bio Stress Detected - Trade Adjusted,2026-05-11 07:30:49.136042
1306,0.5,Bio Stress Detected - Trade Adjusted,2026-05-11 07:30:49.150476
1307,0.5,Bio Stress Detected - Trade Adjusted,2026-05-11 07:30:49.165147
1308,0.5,Bio Stress Detected - Trade Adjusted,2026-05-11 07:30:49.179730
1309,0.5,Bio Stress Detected - Trade Adjusted,2026-05-11 07:30:49.194192
1310,0.5,Bio Stress Detected - Trade Adjusted,2026-05-11 07:30:49.209892
1313,0.1,Bio Stress Detected - Trade Adjusted,2026-05-11 07:30:49.224600
1317,0.5,Bio Stress Detected - Trade Adjusted,2026-05-11 07:30:49.239809
1318,0.5,Bio Stress Detected - Trade Adjusted,2026-05-11 07:30:49.254348
1319,0.1,Bio Stress Detected - Trade Adjusted,2026-05-11 07:30:49.268467
1321,0.1,Bio Stress Detected - Trade Adjusted,2026-05-11 07:30:49.282890
1322,0.5,Bio Stress Detected - Trade Adjusted,2026-05-11 07:30:49.298653
1324,0.1,Bio Stress Detected - Trade Adjusted,2026-05-11 07:30:49.313351
1326,0.1,Bio Stress Detected - Trade Adjusted,2026-05-11 07:30:49.328767
1328,0.5,Bio Stress Detected - Trade Adjusted,2026-05-11 07:30:49.343482
1332,0.5,Bio Stress Detected - Trade Adjusted,2026-05-11 07:30:49.358160
1336,0.5,Bio Stress Detected - Trade Adjusted,2026-05-11 07:30:49.372670
1340,0.1,Bio Stress Detected - Trade Adjusted,2026-05-11 07:30:49.387515
1343,0.5,Bio Stress Detected - Trade Adjusted,2026-05-11 07:30:49.403358
1344,0.5,Bio Stress Detected - Trade Adjusted,2026-05-11 07:30:49.418441
1345,0.1,Bio Stress Detected - Trade Adjusted,2026-05-11 07:30:49.433366
1348,0.5,Bio Stress Detected - Trade Adjusted,2026-05-11 07:30:49.448361
1349,0.1,Bio Stress Detected - Trade Adjusted,2026-05-11 07:30:49.467912
1350,0.1,Bio Stress Detected - Trade Adjusted,2026-05-11 07:30:49.485606
1353,0.1,Bio Stress Detected - Trade Adjusted,2026-05-11 07:30:49.503939
1356,0.1,Bio Stress Detected - Trade Adjusted,2026-05-11 07:30:49.520460
1358,0.1,Bio Stress Detected - Trade Adjusted,2026-05-11 07:30:49.539910
1361,0.1,Bio Stress Detected - Trade Adjusted,2026-05-11 07:30:49.554537
1362,0.5,Bio Stress Detected - Trade Adjusted,2026-05-11 07:30:49.570831
1364,0.5,Bio Stress Detected - Trade Adjusted,2026-05-11 07:30:49.585723
1367,0.5,Bio Stress Detected - Trade Adjusted,2026-05-11 07:30:49.601750
1368,0.1,Bio Stress Detected - Trade Adjusted,2026-05-11 07:30:49.616879
1372,0.5,Bio Stress Detected - Trade Adjusted,2026-05-11 07:30:49.631908
1373,0.1,Bio Stress Detected - Trade Adjusted,2026-05-11 07:30:49.647018
1374,0.5,Bio Stress Detected - Trade Adjusted,2026-05-11 07:30:49.662509
1375,0.1,Bio Stress Detected - Trade Adjusted,2026-05-11 07:30:49.677469
1376,0.5,Bio Stress Detected - Trade Adjusted,2026-05-11 07:30:49.692452
1381,0.1,Bio Stress Detected - Trade Adjusted,2026-05-11 07:30:49.708636
1384,0.1,Bio Stress Detected - Trade Adjusted,2026-05-11 07:30:49.725040
1387,0.1,Bio Stress Detected - Trade Adjusted,2026-05-11 07:30:49.740457
1388,0.5,Bio Stress Detected - Trade Adjusted,2026-05-11 07:30:49.755752
1391,0.5,Bio Stress Detected - Trade Adjusted,2026-05-11 07:30:49.771290
1395,0.5,Bio Stress Detected - Trade Adjusted,2026-05-11 07:30:49.785769
1396,0.1,Bio Stress Detected - Trade Adjusted,2026-05-11 07:30:49.800790
1398,0.1,Bio Stress Detected - Trade Adjusted,2026-05-11 07:30:49.814916
1399,0.1,Bio Stress Detected - Trade Adjusted,2026-05-11 07:30:49.831067
1400,0.5,Bio Stress Detected - Trade Adjusted,2026-05-11 07:30:49.845598
1406,0.5,Bio Stress Detected - Trade Adjusted,2026-05-11 07:30:49.860850
1411,0.5,Bio Stress Detected - Trade Adjusted,2026-05-11 07:30:49.875698
1417,0.1,Bio Stress Detected - Trade Adjusted,2026-05-11 07:30:49.890596
1420,0.5,Bio Stress Detected - Trade Adjusted,2026-05-11 07:30:49.908460
1422,0.1,Bio Stress Detected - Trade Adjusted,2026-05-11 07:30:49.924127
1423,0.1,Bio Stress Detected - Trade Adjusted,2026-05-11 07:30:49.940811
1424,0.1,Bio Stress Detected - Trade Adjusted,2026-05-11 07:30:49.957652
1425,0.1,Bio Stress Detected - Trade Adjusted,2026-05-11 07:30:49.974088
1426,0.5,Bio Stress Detected - Trade Adjusted,2026-05-11 07:30:49.990639
1427,0.5,Bio Stress Detected - Trade Adjusted,2026-05-11 07:30:50.006946
1428,0.1,Bio Stress Detected - Trade Adjusted,2026-05-11 07:30:50.022545
1429,0.5,Bio Stress Detected - Trade Adjusted,2026-05-11 07:30:50.040329
1430,0.5,Bio Stress Detected - Trade Adjusted,2026-05-11 07:30:50.055455
1433,0.1,Bio Stress Detected - Trade Adjusted,2026-05-11 07:30:50.069944
1435,0.5,Bio Stress Detected - Trade Adjusted,2026-05-11 07:30:50.084352
1437,0.5,Bio Stress Detected - Trade Adjusted,2026-05-11 07:30:50.100000
1439,0.5,Bio Stress Detected - Trade Adjusted,2026-05-11 07:30:50.114802
1440,0.1,Bio Stress Detected - Trade Adjusted,2026-05-11 07:30:50.129916
1443,0.1,Bio Stress Detected - Trade Adjusted,2026-05-11 07:30:50.145541
1445,0.1,Bio Stress Detected - Trade Adjusted,2026-05-11 07:30:50.161398
1446,0.5,Bio Stress Detected - Trade Adjusted,2026-05-11 07:30:50.176836
1448,0.1,Bio Stress Detected - Trade Adjusted,2026-05-11 07:30:50.191924
1449,0.5,Bio Stress Detected - Trade Adjusted,2026-05-11 07:30:50.207507
1450,0.5,Bio Stress Detected - Trade Adjusted,2026-05-11 07:30:50.222239
1453,0.1,Bio Stress Detected - Trade Adjusted,2026-05-11 07:30:50.236537
1454,0.5,Bio Stress Detected - Trade Adjusted,2026-05-11 07:30:50.251672
1461,0.5,Bio Stress Detected - Trade Adjusted,2026-05-11 07:30:50.266120
1462,0.5,Bio Stress Detected - Trade Adjusted,2026-05-11 07:30:50.281164
1463,0.1,Bio Stress Detected - Trade Adjusted,2026-05-11 07:30:50.296654
1467,0.5,Bio Stress Detected - Trade Adjusted,2026-05-11 07:30:50.311587
1468,0.5,Bio Stress Detected - Trade Adjusted,2026-05-11 07:30:50.326045
1469,0.5,Bio Stress Detected - Trade Adjusted,2026-05-11 07:30:50.340146
1470,0.5,Bio Stress Detected - Trade Adjusted,2026-05-11 07:30:50.354668
1474,0.1,Bio Stress Detected - Trade Adjusted,2026-05-11 07:30:50.369811
1475,0.5,Bio Stress Detected - Trade Adjusted,2026-05-11 07:30:50.385031
1478,0.1,Bio Stress Detected - Trade Adjusted,2026-05-11 07:30:50.401457
1479,0.5,Bio Stress Detected - Trade Adjusted,2026-05-11 07:30:50.416791
1480,0.1,Bio Stress Detected - Trade Adjusted,2026-05-11 07:30:50.432191
1481,0.1,Bio Stress Detected - Trade Adjusted,2026-05-11 07:30:50.447354
1482,0.5,Bio Stress Detected - Trade Adjusted,2026-05-11 07:30:50.462587
1483,0.1,Bio Stress Detected - Trade Adjusted,2026-05-11 07:30:50.477704
1486,0.5,Bio Stress Detected - Trade Adjusted,2026-05-11 07:30:50.492243
1488,0.1,Bio Stress Detected - Trade Adjusted,2026-05-11 07:30:50.506813
1491,0.5,Bio Stress Detected - Trade Adjusted,2026-05-11 07:30:50.522049
1492,0.5,Bio Stress Detected - Trade Adjusted,2026-05-11 07:30:50.537826
1493,0.5,Bio Stress Detected - Trade Adjusted,2026-05-11 07:30:50.553056
1494,0.5,Bio Stress Detected - Trade Adjusted,2026-05-11 07:30:50.567703
1497,0.5,Bio Stress Detected - Trade Adjusted,2026-05-11 07:30:50.582058
1498,0.1,Bio Stress Detected - Trade Adjusted,2026-05-11 07:30:50.597402
1504,0.1,Bio Stress Detected - Trade Adjusted,2026-05-11 07:30:50.613044
1508,0.1,Bio Stress Detected - Trade Adjusted,2026-05-11 07:30:50.628610
1509,0.1,Bio Stress Detected - Trade Adjusted,2026-05-11 07:30:50.643304
1512,0.1,Bio Stress Detected - Trade Adjusted,2026-05-11 07:30:50.657717
1513,0.1,Bio Stress Detected - Trade Adjusted,2026-05-11 07:30:50.672969
1515,0.1,Bio Stress Detected - Trade Adjusted,2026-05-11 07:30:50.687843
1518,0.1,Bio Stress Detected - Trade Adjusted,2026-05-11 07:30:50.704125
1522,0.5,Bio Stress Detected - Trade Adjusted,2026-05-11 07:30:50.720145
1523,0.5,Bio Stress Detected - Trade Adjusted,2026-05-11 07:30:50.736243
1525,0.5,Bio Stress Detected - Trade Adjusted,2026-05-11 07:30:50.750800
1528,0.5,Bio Stress Detected - Trade Adjusted,2026-05-11 07:30:50.766597
1533,0.5,Bio Stress Detected - Trade Adjusted,2026-05-11 07:30:50.782263
1534,0.5,Bio Stress Detected - Trade Adjusted,2026-05-11 07:30:50.798241
1538,0.5,Bio Stress Detected - Trade Adjusted,2026-05-11 07:30:50.814044
1540,0.5,Bio Stress Detected - Trade Adjusted,2026-05-11 07:30:50.830113
1543,0.5,Bio Stress Detected - Trade Adjusted,2026-05-11 07:30:50.844715
1544,0.1,Bio Stress Detected - Trade Adjusted,2026-05-11 07:30:50.860814
1545,0.5,Bio Stress Detected - Trade Adjusted,2026-05-11 07:30:50.875494
1547,0.5,Bio Stress Detected - Trade Adjusted,2026-05-11 07:30:50.890506
1549,0.1,Bio Stress Detected - Trade Adjusted,2026-05-11 07:30:50.906256
1550,0.5,Bio Stress Detected - Trade Adjusted,2026-05-11 07:30:50.920636
1551,0.1,Bio Stress Detected - Trade Adjusted,2026-05-11 07:30:50.935922
1553,0.5,Bio Stress Detected - Trade Adjusted,2026-05-11 07:30:50.951896
1554,0.5,Bio Stress Detected - Trade Adjusted,2026-05-11 07:30:50.966485
1556,0.5,Bio Stress Detected - Trade Adjusted,2026-05-11 07:30:50.982797
1570,0.5,Bio Stress Detected - Trade Adjusted,2026-05-11 07:30:50.998682
1571,0.5,Bio Stress Detected - Trade Adjusted,2026-05-11 07:30:51.014781
1576,0.5,Bio Stress Detected - Trade Adjusted,2026-05-11 07:30:51.029930
1582,0.5,Bio Stress Detected - Trade Adjusted,2026-05-11 07:30:51.045059
1583,0.1,Bio Stress Detected - Trade Adjusted,2026-05-11 07:30:51.060452
1585,0.1,Bio Stress Detected - Trade Adjusted,2026-05-11 07:30:51.075960
1586,0.1,Bio Stress Detected - Trade Adjusted,2026-05-11 07:30:51.091526
1590,0.1,Bio Stress Detected - Trade Adjusted,2026-05-11 07:30:51.107037
1591,0.1,Bio Stress Detected - Trade Adjusted,2026-05-11 07:30:51.121437
1592,0.1,Bio Stress Detected - Trade Adjusted,2026-05-11 07:30:51.136074
1596,0.1,Bio Stress Detected - Trade Adjusted,2026-05-11 07:30:51.150912
1597,0.5,Bio Stress Detected - Trade Adjusted,2026-05-11 07:30:51.166117
1599,0.5,Bio Stress Detected - Trade Adjusted,2026-05-11 07:30:51.182444
1602,0.5,Bio Stress Detected - Trade Adjusted,2026-05-11 07:30:51.198595
1604,0.1,Bio Stress Detected - Trade Adjusted,2026-05-11 07:30:51.213854
1606,0.1,Bio Stress Detected - Trade Adjusted,2026-05-11 07:30:51.228900
1608,0.5,Bio Stress Detected - Trade Adjusted,2026-05-11 07:30:51.244263
1610,0.1,Bio Stress Detected - Trade Adjusted,2026-05-11 07:30:51.258740
1612,0.5,Bio Stress Detected - Trade Adjusted,2026-05-11 07:30:51.273247
1614,0.5,Bio Stress Detected - Trade Adjusted,2026-05-11 07:30:51.289539
1616,0.1,Bio Stress Detected - Trade Adjusted,2026-05-11 07:30:51.305118
1617,0.5,Bio Stress Detected - Trade Adjusted,2026-05-11 07:30:51.320174
1619,0.1,Bio Stress Detected - Trade Adjusted,2026-05-11 07:30:51.334765
1623,0.5,Bio Stress Detected - Trade Adjusted,2026-05-11 07:30:51.349296
1624,0.5,Bio Stress Detected - Trade Adjusted,2026-05-11 07:30:51.363562
1628,0.5,Bio Stress Detected - Trade Adjusted,2026-05-11 07:30:51.378119
1629,0.5,Bio Stress Detected - Trade Adjusted,2026-05-11 07:30:51.393238
1631,0.5,Bio Stress Detected - Trade Adjusted,2026-05-11 07:30:51.409976
1632,0.5,Bio Stress Detected - Trade Adjusted,2026-05-11 07:30:51.425387
1633,0.5,Bio Stress Detected - Trade Adjusted,2026-05-11 07:30:51.441975
1635,0.1,Bio Stress Detected - Trade Adjusted,2026-05-11 07:30:51.457123
1636,0.5,Bio Stress Detected - Trade Adjusted,2026-05-11 07:30:51.473222
1639,0.5,Bio Stress Detected - Trade Adjusted,2026-05-11 07:30:51.489774
1642,0.5,Bio Stress Detected - Trade Adjusted,2026-05-11 07:30:51.505980
1645,0.5,Bio Stress Detected - Trade Adjusted,2026-05-11 07:30:51.521215
1646,0.5,Bio Stress Detected - Trade Adjusted,2026-05-11 07:30:51.540073
1647,0.1,Bio Stress Detected - Trade Adjusted,2026-05-11 07:30:51.559480
1648,0.1,Bio Stress Detected - Trade Adjusted,2026-05-11 07:30:51.577328
1651,0.5,Bio Stress Detected - Trade Adjusted,2026-05-11 07:30:51.592535
1653,0.5,Bio Stress Detected - Trade Adjusted,2026-05-11 07:30:51.612082
1656,0.5,Bio Stress Detected - Trade Adjusted,2026-05-11 07:30:51.627691
1659,0.5,Bio Stress Detected - Trade Adjusted,2026-05-11 07:30:51.642251
1660,0.5,Bio Stress Detected - Trade Adjusted,2026-05-11 07:30:51.657096
1661,0.1,Bio Stress Detected - Trade Adjusted,2026-05-11 07:30:51.673331
1662,0.1,Bio Stress Detected - Trade Adjusted,2026-05-11 07:30:51.687443
1663,0.5,Bio Stress Detected - Trade Adjusted,2026-05-11 07:30:51.703139
1667,0.5,Bio Stress Detected - Trade Adjusted,2026-05-11 07:30:51.718440
1669,0.5,Bio Stress Detected - Trade Adjusted,2026-05-11 07:30:51.734045
1674,0.5,Bio Stress Detected - Trade Adjusted,2026-05-11 07:30:51.749774
1675,0.5,Bio Stress Detected - Trade Adjusted,2026-05-11 07:30:51.765120
1676,0.5,Bio Stress Detected - Trade Adjusted,2026-05-11 07:30:51.780351
1677,0.1,Bio Stress Detected - Trade Adjusted,2026-05-11 07:30:51.795077
1687,0.1,Bio Stress Detected - Trade Adjusted,2026-05-11 07:30:51.810924
1688,0.5,Bio Stress Detected - Trade Adjusted,2026-05-11 07:30:51.826716
1689,0.1,Bio Stress Detected - Trade Adjusted,2026-05-11 07:30:51.842162
1691,0.5,Bio Stress Detected - Trade Adjusted,2026-05-11 07:30:51.857585
1692,0.5,Bio Stress Detected - Trade Adjusted,2026-05-11 07:30:51.872803
1693,0.5,Bio Stress Detected - Trade Adjusted,2026-05-11 07:30:51.887608
1694,0.5,Bio Stress Detected - Trade Adjusted,2026-05-11 07:30:51.902518
1696,0.5,Bio Stress Detected - Trade Adjusted,2026-05-11 07:30:51.916625
1699,0.5,Bio Stress Detected - Trade Adjusted,2026-05-11 07:30:51.931458
1705,0.5,Bio Stress Detected - Trade Adjusted,2026-05-11 07:30:51.946618
1707,0.1,Bio Stress Detected - Trade Adjusted,2026-05-11 07:30:51.961494
1708,0.5,Bio Stress Detected - Trade Adjusted,2026-05-11 07:30:51.977298
1709,0.1,Bio Stress Detected - Trade Adjusted,2026-05-11 07:30:51.992907
1713,0.5,Bio Stress Detected - Trade Adjusted,2026-05-11 07:30:52.009362
1714,0.5,Bio Stress Detected - Trade Adjusted,2026-05-11 07:30:52.024266
1715,0.5,Bio Stress Detected - Trade Adjusted,2026-05-11 07:30:52.039885
1716,0.5,Bio Stress Detected - Trade Adjusted,2026-05-11 07:30:52.055144
1725,0.5,Bio Stress Detected - Trade Adjusted,2026-05-11 07:30:52.071043
1727,0.1,Bio Stress Detected - Trade Adjusted,2026-05-11 07:30:52.086613
1729,0.5,Bio Stress Detected - Trade Adjusted,2026-05-11 07:30:52.103014
1730,0.5,Bio Stress Detected - Trade Adjusted,2026-05-11 07:30:52.119373
1732,0.5,Bio Stress Detected - Trade Adjusted,2026-05-11 07:30:52.135038
1734,0.1,Bio Stress Detected - Trade Adjusted,2026-05-11 07:30:52.150123
1736,0.5,Bio Stress Detected - Trade Adjusted,2026-05-11 07:30:52.164310
1737,0.1,Bio Stress Detected - Trade Adjusted,2026-05-11 07:30:52.178763
1739,0.1,Bio Stress Detected - Trade Adjusted,2026-05-11 07:30:52.193570
1740,0.1,Bio Stress Detected - Trade Adjusted,2026-05-11 07:30:52.208412
1743,0.5,Bio Stress Detected - Trade Adjusted,2026-05-11 07:30:52.223090
1744,0.1,Bio Stress Detected - Trade Adjusted,2026-05-11 07:30:52.238598
1747,0.5,Bio Stress Detected - Trade Adjusted,2026-05-11 07:30:52.253705
1749,0.5,Bio Stress Detected - Trade Adjusted,2026-05-11 07:30:52.268263
1750,0.5,Bio Stress Detected - Trade Adjusted,2026-05-11 07:30:52.282646
1756,0.1,Bio Stress Detected - Trade Adjusted,2026-05-11 07:30:52.297099
1760,0.5,Bio Stress Detected - Trade Adjusted,2026-05-11 07:30:52.312062
1765,0.1,Bio Stress Detected - Trade Adjusted,2026-05-11 07:30:52.327050
1766,0.5,Bio Stress Detected - Trade Adjusted,2026-05-11 07:30:52.342155
1767,0.5,Bio Stress Detected - Trade Adjusted,2026-05-11 07:30:52.357383
1778,0.5,Bio Stress Detected - Trade Adjusted,2026-05-11 07:30:52.373054
1779,0.5,Bio Stress Detected - Trade Adjusted,2026-05-11 07:30:52.388586
1781,0.5,Bio Stress Detected - Trade Adjusted,2026-05-11 07:30:52.405014
1784,0.5,Bio Stress Detected - Trade Adjusted,2026-05-11 07:30:52.420639
1785,0.5,Bio Stress Detected - Trade Adjusted,2026-05-11 07:30:52.435674
1787,0.5,Bio Stress Detected - Trade Adjusted,2026-05-11 07:30:52.450708
1792,0.5,Bio Stress Detected - Trade Adjusted,2026-05-11 07:30:52.466133
1793,0.5,Bio Stress Detected - Trade Adjusted,2026-05-11 07:30:52.481295
1794,0.5,Bio Stress Detected - Trade Adjusted,2026-05-11 07:30:52.496965
1797,0.1,Bio Stress Detected - Trade Adjusted,2026-05-11 07:30:52.514865
1798,0.5,Bio Stress Detected - Trade Adjusted,2026-05-11 07:30:52.529988
1800,0.5,Bio Stress Detected - Trade Adjusted,2026-05-11 07:30:52.545123
1807,0.5,Bio Stress Detected - Trade Adjusted,2026-05-11 07:30:52.561256
1808,0.1,Bio Stress Detected - Trade Adjusted,2026-05-11 07:30:52.576033
1810,0.5,Bio Stress Detected - Trade Adjusted,2026-05-11 07:30:52.591288
1811,0.1,Bio Stress Detected - Trade Adjusted,2026-05-11 07:30:52.606640
1812,0.1,Bio Stress Detected - Trade Adjusted,2026-05-11 07:30:52.622147
1815,0.5,Bio Stress Detected - Trade Adjusted,2026-05-11 07:30:52.638322
1816,0.5,Bio Stress Detected - Trade Adjusted,2026-05-11 07:30:52.653402
1817,0.5,Bio Stress Detected - Trade Adjusted,2026-05-11 07:30:52.668538
1818,0.1,Bio Stress Detected - Trade Adjusted,2026-05-11 07:30:52.683183
1820,0.5,Bio Stress Detected - Trade Adjusted,2026-05-11 07:30:52.697662
1821,0.5,Bio Stress Detected - Trade Adjusted,2026-05-11 07:30:52.711968
1822,0.5,Bio Stress Detected - Trade Adjusted,2026-05-11 07:30:52.726736
1823,0.5,Bio Stress Detected - Trade Adjusted,2026-05-11 07:30:52.742305
1827,0.1,Bio Stress Detected - Trade Adjusted,2026-05-11 07:30:52.757727
1828,0.5,Bio Stress Detected - Trade Adjusted,2026-05-11 07:30:52.773119
1829,0.5,Bio Stress Detected - Trade Adjusted,2026-05-11 07:30:52.787872
1830,0.5,Bio Stress Detected - Trade Adjusted,2026-05-11 07:30:52.803426
1834,0.5,Bio Stress Detected - Trade Adjusted,2026-05-11 07:30:52.819053
1839,0.5,Bio Stress Detected - Trade Adjusted,2026-05-11 07:30:52.834623
1841,0.5,Bio Stress Detected - Trade Adjusted,2026-05-11 07:30:52.849820
1845,0.1,Bio Stress Detected - Trade Adjusted,2026-05-11 07:30:52.865501
1846,0.5,Bio Stress Detected - Trade Adjusted,2026-05-11 07:30:52.881431
1848,0.5,Bio Stress Detected - Trade Adjusted,2026-05-11 07:30:52.897051
1853,0.5,Bio Stress Detected - Trade Adjusted,2026-05-11 07:30:52.913381
1855,0.5,Bio Stress Detected - Trade Adjusted,2026-05-11 07:30:52.931576
1858,0.5,Bio Stress Detected - Trade Adjusted,2026-05-11 07:30:52.947829
1859,0.5,Bio Stress Detected - Trade Adjusted,2026-05-11 07:30:52.964246
1866,0.5,Bio Stress Detected - Trade Adjusted,2026-05-11 07:30:52.979995
1869,0.5,Bio Stress Detected - Trade Adjusted,2026-05-11 07:30:52.995976
1872,0.5,Bio Stress Detected - Trade Adjusted,2026-05-11 07:30:53.011937
1874,0.1,Bio Stress Detected - Trade Adjusted,2026-05-11 07:30:53.026652
1875,0.5,Bio Stress Detected - Trade Adjusted,2026-05-11 07:30:53.041707
1876,0.5,Bio Stress Detected - Trade Adjusted,2026-05-11 07:30:53.056242
1879,0.1,Bio Stress Detected - Trade Adjusted,2026-05-11 07:30:53.071023
1880,0.1,Bio Stress Detected - Trade Adjusted,2026-05-11 07:30:53.087227
1882,0.5,Bio Stress Detected - Trade Adjusted,2026-05-11 07:30:53.103857
1885,0.5,Bio Stress Detected - Trade Adjusted,2026-05-11 07:30:53.118636
1886,0.1,Bio Stress Detected - Trade Adjusted,2026-05-11 07:30:53.133783
1887,0.5,Bio Stress Detected - Trade Adjusted,2026-05-11 07:30:53.148924
1889,0.1,Bio Stress Detected - Trade Adjusted,2026-05-11 07:30:53.163805
1890,0.1,Bio Stress Detected - Trade Adjusted,2026-05-11 07:30:53.179030
1893,0.5,Bio Stress Detected - Trade Adjusted,2026-05-11 07:30:53.195054
1895,0.5,Bio Stress Detected - Trade Adjusted,2026-05-11 07:30:53.212360
1897,0.1,Bio Stress Detected - Trade Adjusted,2026-05-11 07:30:53.227724
1899,0.5,Bio Stress Detected - Trade Adjusted,2026-05-11 07:30:53.242880
1902,0.5,Bio Stress Detected - Trade Adjusted,2026-05-11 07:30:53.257358
1906,0.1,Bio Stress Detected - Trade Adjusted,2026-05-11 07:30:53.271649
1907,0.5,Bio Stress Detected - Trade Adjusted,2026-05-11 07:30:53.285959
1908,0.5,Bio Stress Detected - Trade Adjusted,2026-05-11 07:30:53.302269
1911,0.5,Bio Stress Detected - Trade Adjusted,2026-05-11 07:30:53.318158
1914,0.5,Bio Stress Detected - Trade Adjusted,2026-05-11 07:30:53.332953
1915,0.5,Bio Stress Detected - Trade Adjusted,2026-05-11 07:30:53.348664
1916,0.5,Bio Stress Detected - Trade Adjusted,2026-05-11 07:30:53.364465
1918,0.5,Bio Stress Detected - Trade Adjusted,2026-05-11 07:30:53.381107
1919,0.1,Bio Stress Detected - Trade Adjusted,2026-05-11 07:30:53.396678
1922,0.5,Bio Stress Detected - Trade Adjusted,2026-05-11 07:30:53.412926
1923,0.1,Bio Stress Detected - Trade Adjusted,2026-05-11 07:30:53.427802
1924,0.5,Bio Stress Detected - Trade Adjusted,2026-05-11 07:30:53.443212
1925,0.5,Bio Stress Detected - Trade Adjusted,2026-05-11 07:30:53.457912
1930,0.5,Bio Stress Detected - Trade Adjusted,2026-05-11 07:30:53.472472
1932,0.5,Bio Stress Detected - Trade Adjusted,2026-05-11 07:30:53.486898
1933,0.5,Bio Stress Detected - Trade Adjusted,2026-05-11 07:30:53.503228
1934,0.5,Bio Stress Detected - Trade Adjusted,2026-05-11 07:30:53.518353
1935,0.5,Bio Stress Detected - Trade Adjusted,2026-05-11 07:30:53.533358
1939,0.1,Bio Stress Detected - Trade Adjusted,2026-05-11 07:30:53.549807
1941,0.1,Bio Stress Detected - Trade Adjusted,2026-05-11 07:30:53.564835
1944,0.1,Bio Stress Detected - Trade Adjusted,2026-05-11 07:30:53.579846
1945,0.5,Bio Stress Detected - Trade Adjusted,2026-05-11 07:30:53.594691
1948,0.5,Bio Stress Detected - Trade Adjusted,2026-05-11 07:30:53.610170
1954,0.5,Bio Stress Detected - Trade Adjusted,2026-05-11 07:30:53.624562
1957,0.5,Bio Stress Detected - Trade Adjusted,2026-05-11 07:30:53.639908
1960,0.1,Bio Stress Detected - Trade Adjusted,2026-05-11 07:30:53.655406
1961,0.1,Bio Stress Detected - Trade Adjusted,2026-05-11 07:30:53.671573
1963,0.1,Bio Stress Detected - Trade Adjusted,2026-05-11 07:30:53.686779
1964,0.5,Bio Stress Detected - Trade Adjusted,2026-05-11 07:30:53.702210
1967,0.5,Bio Stress Detected - Trade Adjusted,2026-05-11 07:30:53.717025
1970,0.1,Bio Stress Detected - Trade Adjusted,2026-05-11 07:30:53.732547
1971,0.1,Bio Stress Detected - Trade Adjusted,2026-05-11 07:30:53.747691
1972,0.5,Bio Stress Detected - Trade Adjusted,2026-05-11 07:30:53.761947
1973,0.5,Bio Stress Detected - Trade Adjusted,2026-05-11 07:30:53.776453
1974,0.5,Bio Stress Detected - Trade Adjusted,2026-05-11 07:30:53.791077
1975,0.5,Bio Stress Detected - Trade Adjusted,2026-05-11 07:30:53.807214
1976,0.5,Bio Stress Detected - Trade Adjusted,2026-05-11 07:30:53.822946
1980,0.5,Bio Stress Detected - Trade Adjusted,2026-05-11 07:30:53.837677
1982,0.1,Bio Stress Detected - Trade Adjusted,2026-05-11 07:30:53.852410
1984,0.5,Bio Stress Detected - Trade Adjusted,2026-05-11 07:30:53.867046
1985,0.5,Bio Stress Detected - Trade Adjusted,2026-05-11 07:30:53.881494
1986,0.5,Bio Stress Detected - Trade Adjusted,2026-05-11 07:30:53.897091
1987,0.1,Bio Stress Detected - Trade Adjusted,2026-05-11 07:30:53.912687
1988,0.5,Bio Stress Detected - Trade Adjusted,2026-05-11 07:30:53.927587
1990,0.1,Bio Stress Detected - Trade Adjusted,2026-05-11 07:30:53.941961
1991,0.1,Bio Stress Detected - Trade Adjusted,2026-05-11 07:30:53.956857
1994,0.1,Bio Stress Detected - Trade Adjusted,2026-05-11 07:30:53.971884
2001,0.1,Bio Stress Detected - Trade Adjusted,2026-05-11 07:30:53.987077
2007,0.5,Bio Stress Detected - Trade Adjusted,2026-05-11 07:30:54.002860
2010,0.5,Bio Stress Detected - Trade Adjusted,2026-05-11 07:30:54.017976
2011,0.1,Bio Stress Detected - Trade Adjusted,2026-05-11 07:30:54.034324
2012,0.5,Bio Stress Detected - Trade Adjusted,2026-05-11 07:30:54.048902
2014,0.5,Bio Stress Detected - Trade Adjusted,2026-05-11 07:30:54.063373
2017,0.5,Bio Stress Detected - Trade Adjusted,2026-05-11 07:30:54.078865
2019,0.5,Bio Stress Detected - Trade Adjusted,2026-05-11 07:30:54.094824
2020,0.5,Bio Stress Detected - Trade Adjusted,2026-05-11 07:30:54.110951
2021,0.5,Bio Stress Detected - Trade Adjusted,2026-05-11 07:30:54.125584
2024,0.1,Bio Stress Detected - Trade Adjusted,2026-05-11 07:30:54.141700
2026,0.1,Bio Stress Detected - Trade Adjusted,2026-05-11 07:30:54.159517
2027,0.1,Bio Stress Detected - Trade Adjusted,2026-05-11 07:30:54.175144
2028,0.5,Bio Stress Detected - Trade Adjusted,2026-05-11 07:30:54.191031
2029,0.5,Bio Stress Detected - Trade Adjusted,2026-05-11 07:30:54.208118
2030,0.1,Bio Stress Detected - Trade Adjusted,2026-05-11 07:30:54.225112
2032,0.1,Bio Stress Detected - Trade Adjusted,2026-05-11 07:30:54.240019
2033,0.5,Bio Stress Detected - Trade Adjusted,2026-05-11 07:30:54.255821
2034,0.1,Bio Stress Detected - Trade Adjusted,2026-05-11 07:30:54.270331
2035,0.5,Bio Stress Detected - Trade Adjusted,2026-05-11 07:30:54.285768
2038,0.5,Bio Stress Detected - Trade Adjusted,2026-05-11 07:30:54.300222
2040,0.5,Bio Stress Detected - Trade Adjusted,2026-05-11 07:30:54.314966
2041,0.5,Bio Stress Detected - Trade Adjusted,2026-05-11 07:30:54.328808
2045,0.1,Bio Stress Detected - Trade Adjusted,2026-05-11 07:30:54.342959
2049,0.1,Bio Stress Detected - Trade Adjusted,2026-05-11 07:30:54.357615
2050,0.5,Bio Stress Detected - Trade Adjusted,2026-05-11 07:30:54.371534
2052,0.1,Bio Stress Detected - Trade Adjusted,2026-05-11 07:30:54.386695
2058,0.5,Bio Stress Detected - Trade Adjusted,2026-05-11 07:30:54.402661
2059,0.1,Bio Stress Detected - Trade Adjusted,2026-05-11 07:30:54.417999
2060,0.5,Bio Stress Detected - Trade Adjusted,2026-05-11 07:30:54.434043
2062,0.1,Bio Stress Detected - Trade Adjusted,2026-05-11 07:30:54.449497
2063,0.1,Bio Stress Detected - Trade Adjusted,2026-05-11 07:30:54.465043
2066,0.5,Bio Stress Detected - Trade Adjusted,2026-05-11 07:30:54.479776
2068,0.5,Bio Stress Detected - Trade Adjusted,2026-05-11 07:30:54.494773
2069,0.5,Bio Stress Detected - Trade Adjusted,2026-05-11 07:30:54.510373
2073,0.5,Bio Stress Detected - Trade Adjusted,2026-05-11 07:30:54.525530
2077,0.5,Bio Stress Detected - Trade Adjusted,2026-05-11 07:30:54.540932
2081,0.1,Bio Stress Detected - Trade Adjusted,2026-05-11 07:30:54.555994
2086,0.5,Bio Stress Detected - Trade Adjusted,2026-05-11 07:30:54.570546
2090,0.1,Bio Stress Detected - Trade Adjusted,2026-05-11 07:30:54.584842
2091,0.5,Bio Stress Detected - Trade Adjusted,2026-05-11 07:30:54.599252
2093,0.1,Bio Stress Detected - Trade Adjusted,2026-05-11 07:30:54.615358
2094,0.1,Bio Stress Detected - Trade Adjusted,2026-05-11 07:30:54.629902
2095,0.5,Bio Stress Detected - Trade Adjusted,2026-05-11 07:30:54.645052
2096,0.5,Bio Stress Detected - Trade Adjusted,2026-05-11 07:30:54.660246
2100,0.5,Bio Stress Detected - Trade Adjusted,2026-05-11 07:30:54.674827
2105,0.5,Bio Stress Detected - Trade Adjusted,2026-05-11 07:30:54.690143
2106,0.5,Bio Stress Detected - Trade Adjusted,2026-05-11 07:30:54.706046
2110,0.5,Bio Stress Detected - Trade Adjusted,2026-05-11 07:30:54.721901
2112,0.5,Bio Stress Detected - Trade Adjusted,2026-05-11 07:30:54.736635
2113,0.5,Bio Stress Detected - Trade Adjusted,2026-05-11 07:30:54.751394
2114,0.5,Bio Stress Detected - Trade Adjusted,2026-05-11 07:30:54.767527
2115,0.5,Bio Stress Detected - Trade Adjusted,2026-05-11 07:30:54.782630
2116,0.5,Bio Stress Detected - Trade Adjusted,2026-05-11 07:30:54.797660
2119,0.1,Bio Stress Detected - Trade Adjusted,2026-05-11 07:30:54.812588
2120,0.1,Bio Stress Detected - Trade Adjusted,2026-05-11 07:30:54.827881
2121,0.1,Bio Stress Detected - Trade Adjusted,2026-05-11 07:30:54.842908
2122,0.1,Bio Stress Detected - Trade Adjusted,2026-05-11 07:30:54.858173
2123,0.1,Bio Stress Detected - Trade Adjusted,2026-05-11 07:30:54.873329
2127,0.5,Bio Stress Detected - Trade Adjusted,2026-05-11 07:30:54.888280
2128,0.5,Bio Stress Detected - Trade Adjusted,2026-05-11 07:30:54.902988
2129,0.1,Bio Stress Detected - Trade Adjusted,2026-05-11 07:30:54.917314
2132,0.1,Bio Stress Detected - Trade Adjusted,2026-05-11 07:30:54.931372
2137,0.1,Bio Stress Detected - Trade Adjusted,2026-05-11 07:30:54.946565
2139,0.5,Bio Stress Detected - Trade Adjusted,2026-05-11 07:30:54.962161
2143,0.5,Bio Stress Detected - Trade Adjusted,2026-05-11 07:30:54.977320
2144,0.5,Bio Stress Detected - Trade Adjusted,2026-05-11 07:30:54.991993
2145,0.5,Bio Stress Detected - Trade Adjusted,2026-05-11 07:30:55.006822
2146,0.1,Bio Stress Detected - Trade Adjusted,2026-05-11 07:30:55.021443
2147,0.5,Bio Stress Detected - Trade Adjusted,2026-05-11 07:30:55.036171
2148,0.1,Bio Stress Detected - Trade Adjusted,2026-05-11 07:30:55.052000
2150,0.1,Bio Stress Detected - Trade Adjusted,2026-05-11 07:30:55.067105
2151,0.5,Bio Stress Detected - Trade Adjusted,2026-05-11 07:30:55.082348
2152,0.1,Bio Stress Detected - Trade Adjusted,2026-05-11 07:30:55.098601
2155,0.1,Bio Stress Detected - Trade Adjusted,2026-05-11 07:30:55.115236
2156,0.1,Bio Stress Detected - Trade Adjusted,2026-05-11 07:30:55.130565
2164,0.1,Bio Stress Detected - Trade Adjusted,2026-05-11 07:30:55.146476
2165,0.5,Bio Stress Detected - Trade Adjusted,2026-05-11 07:30:55.162059
2166,0.5,Bio Stress Detected - Trade Adjusted,2026-05-11 07:30:55.177091
2167,0.5,Bio Stress Detected - Trade Adjusted,2026-05-11 07:30:55.191887
2170,0.5,Bio Stress Detected - Trade Adjusted,2026-05-11 07:30:55.206723
2171,0.5,Bio Stress Detected - Trade Adjusted,2026-05-11 07:30:55.220878
2173,0.5,Bio Stress Detected - Trade Adjusted,2026-05-11 07:30:55.235121
2175,0.1,Bio Stress Detected - Trade Adjusted,2026-05-11 07:30:55.249102
2176,0.5,Bio Stress Detected - Trade Adjusted,2026-05-11 07:30:55.265040
2178,0.5,Bio Stress Detected - Trade Adjusted,2026-05-11 07:30:55.279988
2180,0.1,Bio Stress Detected - Trade Adjusted,2026-05-11 07:30:55.295567
2183,0.5,Bio Stress Detected - Trade Adjusted,2026-05-11 07:30:55.310595
2184,0.1,Bio Stress Detected - Trade Adjusted,2026-05-11 07:30:55.324525
2185,0.5,Bio Stress Detected - Trade Adjusted,2026-05-11 07:30:55.338670
2189,0.1,Bio Stress Detected - Trade Adjusted,2026-05-11 07:30:55.354047
2191,0.5,Bio Stress Detected - Trade Adjusted,2026-05-11 07:30:55.369638
2192,0.1,Bio Stress Detected - Trade Adjusted,2026-05-11 07:30:55.384871
2195,0.5,Bio Stress Detected - Trade Adjusted,2026-05-11 07:30:55.400318
2196,0.1,Bio Stress Detected - Trade Adjusted,2026-05-11 07:30:55.416503
2198,0.5,Bio Stress Detected - Trade Adjusted,2026-05-11 07:30:55.431443
2204,0.5,Bio Stress Detected - Trade Adjusted,2026-05-11 07:30:55.446948
2207,0.1,Bio Stress Detected - Trade Adjusted,2026-05-11 07:30:55.462798
2211,0.1,Bio Stress Detected - Trade Adjusted,2026-05-11 07:30:55.478058
2212,0.1,Bio Stress Detected - Trade Adjusted,2026-05-11 07:30:55.492867
2216,0.5,Bio Stress Detected - Trade Adjusted,2026-05-11 07:30:55.508457
2217,0.1,Bio Stress Detected - Trade Adjusted,2026-05-11 07:30:55.524180
2221,0.5,Bio Stress Detected - Trade Adjusted,2026-05-11 07:30:55.539100
2222,0.5,Bio Stress Detected - Trade Adjusted,2026-05-11 07:30:55.554819
2223,0.5,Bio Stress Detected - Trade Adjusted,2026-05-11 07:30:55.570077
2224,0.5,Bio Stress Detected - Trade Adjusted,2026-05-11 07:30:55.585452
2225,0.5,Bio Stress Detected - Trade Adjusted,2026-05-11 07:30:55.600902
2226,0.1,Bio Stress Detected - Trade Adjusted,2026-05-11 07:30:55.616486
2227,0.5,Bio Stress Detected - Trade Adjusted,2026-05-11 07:30:55.631693
2228,0.1,Bio Stress Detected - Trade Adjusted,2026-05-11 07:30:55.646544
2229,0.5,Bio Stress Detected - Trade Adjusted,2026-05-11 07:30:55.662599
2230,0.5,Bio Stress Detected - Trade Adjusted,2026-05-11 07:30:55.677536
2233,0.1,Bio Stress Detected - Trade Adjusted,2026-05-11 07:30:55.693457
2234,0.1,Bio Stress Detected - Trade Adjusted,2026-05-11 07:30:55.708736
2236,0.1,Bio Stress Detected - Trade Adjusted,2026-05-11 07:30:55.724266
2238,0.5,Bio Stress Detected - Trade Adjusted,2026-05-11 07:30:55.739236
2239,0.5,Bio Stress Detected - Trade Adjusted,2026-05-11 07:30:55.754012
2240,0.1,Bio Stress Detected - Trade Adjusted,2026-05-11 07:30:55.769226
2242,0.5,Bio Stress Detected - Trade Adjusted,2026-05-11 07:30:55.783429
2246,0.5,Bio Stress Detected - Trade Adjusted,2026-05-11 07:30:55.798423
2247,0.1,Bio Stress Detected - Trade Adjusted,2026-05-11 07:30:55.815252
2249,0.5,Bio Stress Detected - Trade Adjusted,2026-05-11 07:30:55.830526
2250,0.5,Bio Stress Detected - Trade Adjusted,2026-05-11 07:30:55.845723
2252,0.5,Bio Stress Detected - Trade Adjusted,2026-05-11 07:30:55.862119
2255,0.1,Bio Stress Detected - Trade Adjusted,2026-05-11 07:30:55.877250
2256,0.1,Bio Stress Detected - Trade Adjusted,2026-05-11 07:30:55.892344
2261,0.5,Bio Stress Detected - Trade Adjusted,2026-05-11 07:30:55.908697
2263,0.5,Bio Stress Detected - Trade Adjusted,2026-05-11 07:30:55.924802
2265,0.5,Bio Stress Detected - Trade Adjusted,2026-05-11 07:30:55.939260
2266,0.1,Bio Stress Detected - Trade Adjusted,2026-05-11 07:30:55.954826
2267,0.1,Bio Stress Detected - Trade Adjusted,2026-05-11 07:30:55.969949
2268,0.1,Bio Stress Detected - Trade Adjusted,2026-05-11 07:30:55.985758
2269,0.5,Bio Stress Detected - Trade Adjusted,2026-05-11 07:30:56.000614
2270,0.1,Bio Stress Detected - Trade Adjusted,2026-05-11 07:30:56.017252
2273,0.1,Bio Stress Detected - Trade Adjusted,2026-05-11 07:30:56.033238
2275,0.1,Bio Stress Detected - Trade Adjusted,2026-05-11 07:30:56.048692
2277,0.1,Bio Stress Detected - Trade Adjusted,2026-05-11 07:30:56.064010
2283,0.1,Bio Stress Detected - Trade Adjusted,2026-05-11 07:30:56.080031
2288,0.5,Bio Stress Detected - Trade Adjusted,2026-05-11 07:30:56.094707
2289,0.5,Bio Stress Detected - Trade Adjusted,2026-05-11 07:30:56.111023
2290,0.1,Bio Stress Detected - Trade Adjusted,2026-05-11 07:30:56.125737
2292,0.1,Bio Stress Detected - Trade Adjusted,2026-05-11 07:30:56.140519
2293,0.5,Bio Stress Detected - Trade Adjusted,2026-05-11 07:30:56.155492
2294,0.5,Bio Stress Detected - Trade Adjusted,2026-05-11 07:30:56.170014
2296,0.1,Bio Stress Detected - Trade Adjusted,2026-05-11 07:30:56.184624
2297,0.1,Bio Stress Detected - Trade Adjusted,2026-05-11 07:30:56.198675
2299,0.1,Bio Stress Detected - Trade Adjusted,2026-05-11 07:30:56.216574
2302,0.5,Bio Stress Detected - Trade Adjusted,2026-05-11 07:30:56.232590
2304,0.5,Bio Stress Detected - Trade Adjusted,2026-05-11 07:30:56.248793
2308,0.5,Bio Stress Detected - Trade Adjusted,2026-05-11 07:30:56.265316
2309,0.5,Bio Stress Detected - Trade Adjusted,2026-05-11 07:30:56.282398
2311,0.1,Bio Stress Detected - Trade Adjusted,2026-05-11 07:30:56.299534
2314,0.1,Bio Stress Detected - Trade Adjusted,2026-05-11 07:30:56.316373
2315,0.5,Bio Stress Detected - Trade Adjusted,2026-05-11 07:30:56.331191
2316,0.1,Bio Stress Detected - Trade Adjusted,2026-05-11 07:30:56.347169
2318,0.1,Bio Stress Detected - Trade Adjusted,2026-05-11 07:30:56.361503
2319,0.1,Bio Stress Detected - Trade Adjusted,2026-05-11 07:30:56.376456
2324,0.1,Bio Stress Detected - Trade Adjusted,2026-05-11 07:30:56.391828
2325,0.5,Bio Stress Detected - Trade Adjusted,2026-05-11 07:30:56.406842
2326,0.1,Bio Stress Detected - Trade Adjusted,2026-05-11 07:30:56.421536
2327,0.5,Bio Stress Detected - Trade Adjusted,2026-05-11 07:30:56.436100
2328,0.5,Bio Stress Detected - Trade Adjusted,2026-05-11 07:30:56.451592
2329,0.5,Bio Stress Detected - Trade Adjusted,2026-05-11 07:30:56.466567
2330,0.5,Bio Stress Detected - Trade Adjusted,2026-05-11 07:30:56.481611
2331,0.5,Bio Stress Detected - Trade Adjusted,2026-05-11 07:30:56.497069
2334,0.1,Bio Stress Detected - Trade Adjusted,2026-05-11 07:30:56.512684
2335,0.5,Bio Stress Detected - Trade Adjusted,2026-05-11 07:30:56.527247
2338,0.1,Bio Stress Detected - Trade Adjusted,2026-05-11 07:30:56.542612
2339,0.5,Bio Stress Detected - Trade Adjusted,2026-05-11 07:30:56.558168
2340,0.5,Bio Stress Detected - Trade Adjusted,2026-05-11 07:30:56.573100
2341,0.5,Bio Stress Detected - Trade Adjusted,2026-05-11 07:30:56.587603
2345,0.1,Bio Stress Detected - Trade Adjusted,2026-05-11 07:30:56.602496
2346,0.5,Bio Stress Detected - Trade Adjusted,2026-05-11 07:30:56.617831
2348,0.1,Bio Stress Detected - Trade Adjusted,2026-05-11 07:30:56.632721
2354,0.5,Bio Stress Detected - Trade Adjusted,2026-05-11 07:30:56.647689
2357,0.5,Bio Stress Detected - Trade Adjusted,2026-05-11 07:30:56.663433
2358,0.1,Bio Stress Detected - Trade Adjusted,2026-05-11 07:30:56.677972
2359,0.5,Bio Stress Detected - Trade Adjusted,2026-05-11 07:30:56.692441
2361,0.5,Bio Stress Detected - Trade Adjusted,2026-05-11 07:30:56.707086
2363,0.5,Bio Stress Detected - Trade Adjusted,2026-05-11 07:30:56.721909
2368,0.5,Bio Stress Detected - Trade Adjusted,2026-05-11 07:30:56.737224
2369,0.5,Bio Stress Detected - Trade Adjusted,2026-05-11 07:30:56.752296
2373,0.5,Bio Stress Detected - Trade Adjusted,2026-05-11 07:30:56.767751
2374,0.5,Bio Stress Detected - Trade Adjusted,2026-05-11 07:30:56.784359
2375,0.5,Bio Stress Detected - Trade Adjusted,2026-05-11 07:30:56.799203
2377,0.5,Bio Stress Detected - Trade Adjusted,2026-05-11 07:30:56.815014
2379,0.5,Bio Stress Detected - Trade Adjusted,2026-05-11 07:30:56.830597
2380,0.1,Bio Stress Detected - Trade Adjusted,2026-05-11 07:30:56.847570
2385,0.5,Bio Stress Detected - Trade Adjusted,2026-05-11 07:30:56.862819
2388,0.1,Bio Stress Detected - Trade Adjusted,2026-05-11 07:30:56.877919
2394,0.5,Bio Stress Detected - Trade Adjusted,2026-05-11 07:30:56.892649
2395,0.1,Bio Stress Detected - Trade Adjusted,2026-05-11 07:30:56.907040
2397,0.1,Bio Stress Detected - Trade Adjusted,2026-05-11 07:30:56.921412
2398,0.5,Bio Stress Detected - Trade Adjusted,2026-05-11 07:30:56.935628
2400,0.1,Bio Stress Detected - Trade Adjusted,2026-05-11 07:30:56.950110
2401,0.5,Bio Stress Detected - Trade Adjusted,2026-05-11 07:30:56.965068
2402,0.5,Bio Stress Detected - Trade Adjusted,2026-05-11 07:30:56.981051
2407,0.1,Bio Stress Detected - Trade Adjusted,2026-05-11 07:30:56.996143
2408,0.5,Bio Stress Detected - Trade Adjusted,2026-05-11 07:30:57.013216
2409,0.1,Bio Stress Detected - Trade Adjusted,2026-05-11 07:30:57.029917
2410,0.5,Bio Stress Detected - Trade Adjusted,2026-05-11 07:30:57.045426
2416,0.5,Bio Stress Detected - Trade Adjusted,2026-05-11 07:30:57.060435
2417,0.5,Bio Stress Detected - Trade Adjusted,2026-05-11 07:30:57.075140
2418,0.5,Bio Stress Detected - Trade Adjusted,2026-05-11 07:30:57.091186
2419,0.1,Bio Stress Detected - Trade Adjusted,2026-05-11 07:30:57.107069
2420,0.1,Bio Stress Detected - Trade Adjusted,2026-05-11 07:30:57.121881
2427,0.5,Bio Stress Detected - Trade Adjusted,2026-05-11 07:30:57.136707
2428,0.1,Bio Stress Detected - Trade Adjusted,2026-05-11 07:30:57.151808
2433,0.1,Bio Stress Detected - Trade Adjusted,2026-05-11 07:30:57.167168
2434,0.5,Bio Stress Detected - Trade Adjusted,2026-05-11 07:30:57.182151
2436,0.5,Bio Stress Detected - Trade Adjusted,2026-05-11 07:30:57.197777
2437,0.5,Bio Stress Detected - Trade Adjusted,2026-05-11 07:30:57.213394
2443,0.5,Bio Stress Detected - Trade Adjusted,2026-05-11 07:30:57.228279
2446,0.1,Bio Stress Detected - Trade Adjusted,2026-05-11 07:30:57.243473
2448,0.1,Bio Stress Detected - Trade Adjusted,2026-05-11 07:30:57.258598
2449,0.1,Bio Stress Detected - Trade Adjusted,2026-05-11 07:30:57.273807
2450,0.5,Bio Stress Detected - Trade Adjusted,2026-05-11 07:30:57.289335
2452,0.5,Bio Stress Detected - Trade Adjusted,2026-05-11 07:30:57.304496
2455,0.1,Bio Stress Detected - Trade Adjusted,2026-05-11 07:30:57.320213
2457,0.1,Bio Stress Detected - Trade Adjusted,2026-05-11 07:30:57.335776
2459,0.5,Bio Stress Detected - Trade Adjusted,2026-05-11 07:30:57.351027
2462,0.5,Bio Stress Detected - Trade Adjusted,2026-05-11 07:30:57.365779
2465,0.5,Bio Stress Detected - Trade Adjusted,2026-05-11 07:30:57.380187
2467,0.1,Bio Stress Detected - Trade Adjusted,2026-05-11 07:30:57.395530
2469,0.5,Bio Stress Detected - Trade Adjusted,2026-05-11 07:30:57.410904
2470,0.5,Bio Stress Detected - Trade Adjusted,2026-05-11 07:30:57.425919
2472,0.1,Bio Stress Detected - Trade Adjusted,2026-05-11 07:30:57.440641
2473,0.1,Bio Stress Detected - Trade Adjusted,2026-05-11 07:30:57.455294
2474,0.1,Bio Stress Detected - Trade Adjusted,2026-05-11 07:30:57.469737
2476,0.5,Bio Stress Detected - Trade Adjusted,2026-05-11 07:30:57.484009
2480,0.5,Bio Stress Detected - Trade Adjusted,2026-05-11 07:30:57.499090
2485,0.5,Bio Stress Detected - Trade Adjusted,2026-05-11 07:30:57.515210
2486,0.5,Bio Stress Detected - Trade Adjusted,2026-05-11 07:30:57.531432
2487,0.1,Bio Stress Detected - Trade Adjusted,2026-05-11 07:30:57.547040
2488,0.1,Bio Stress Detected - Trade Adjusted,2026-05-11 07:30:57.562263
2490,0.1,Bio Stress Detected - Trade Adjusted,2026-05-11 07:30:57.577152
2493,0.1,Bio Stress Detected - Trade Adjusted,2026-05-11 07:30:57.591734
2495,0.5,Bio Stress Detected - Trade Adjusted,2026-05-11 07:30:57.607474
2496,0.1,Bio Stress Detected - Trade Adjusted,2026-05-11 07:30:57.622767
2497,0.5,Bio Stress Detected - Trade Adjusted,2026-05-11 07:30:57.638851
2499,0.5,Bio Stress Detected - Trade Adjusted,2026-05-11 07:30:57.653919
2510,0.5,Bio Stress Detected - Trade Adjusted,2026-05-11 07:30:57.668913
2514,0.1,Bio Stress Detected - Trade Adjusted,2026-05-11 07:30:57.683658
2516,0.5,Bio Stress Detected - Trade Adjusted,2026-05-11 07:30:57.698084
2519,0.1,Bio Stress Detected - Trade Adjusted,2026-05-11 07:30:57.714105
2523,0.5,Bio Stress Detected - Trade Adjusted,2026-05-11 07:30:57.728375
2525,0.5,Bio Stress Detected - Trade Adjusted,2026-05-11 07:30:57.743038
2533,0.5,Bio Stress Detected - Trade Adjusted,2026-05-11 07:30:57.758802
2534,0.5,Bio Stress Detected - Trade Adjusted,2026-05-11 07:30:57.774095
2536,0.5,Bio Stress Detected - Trade Adjusted,2026-05-11 07:30:57.789188
2538,0.5,Bio Stress Detected - Trade Adjusted,2026-05-11 07:30:57.804587
2540,0.1,Bio Stress Detected - Trade Adjusted,2026-05-11 07:30:57.820598
2544,0.1,Bio Stress Detected - Trade Adjusted,2026-05-11 07:30:57.835725
2545,0.5,Bio Stress Detected - Trade Adjusted,2026-05-11 07:30:57.850312
2546,0.1,Bio Stress Detected - Trade Adjusted,2026-05-11 07:30:57.864826
2550,0.5,Bio Stress Detected - Trade Adjusted,2026-05-11 07:30:57.880135
2552,0.5,Bio Stress Detected - Trade Adjusted,2026-05-11 07:30:57.894733
2553,0.1,Bio Stress Detected - Trade Adjusted,2026-05-11 07:30:57.909963
2554,0.1,Bio Stress Detected - Trade Adjusted,2026-05-11 07:30:57.925117
2555,0.5,Bio Stress Detected - Trade Adjusted,2026-05-11 07:30:57.940324
2559,0.1,Bio Stress Detected - Trade Adjusted,2026-05-11 07:30:57.955369
2561,0.1,Bio Stress Detected - Trade Adjusted,2026-05-11 07:30:57.969585
2563,0.1,Bio Stress Detected - Trade Adjusted,2026-05-11 07:30:57.983843
2564,0.5,Bio Stress Detected - Trade Adjusted,2026-05-11 07:30:57.998025
2569,0.5,Bio Stress Detected - Trade Adjusted,2026-05-11 07:30:58.014716
2571,0.1,Bio Stress Detected - Trade Adjusted,2026-05-11 07:30:58.029316
2572,0.1,Bio Stress Detected - Trade Adjusted,2026-05-11 07:30:58.045008
2574,0.5,Bio Stress Detected - Trade Adjusted,2026-05-11 07:30:58.060202
2575,0.1,Bio Stress Detected - Trade Adjusted,2026-05-11 07:30:58.075501
2577,0.1,Bio Stress Detected - Trade Adjusted,2026-05-11 07:30:58.090651
2578,0.1,Bio Stress Detected - Trade Adjusted,2026-05-11 07:30:58.105649
2583,0.5,Bio Stress Detected - Trade Adjusted,2026-05-11 07:30:58.121756
2584,0.5,Bio Stress Detected - Trade Adjusted,2026-05-11 07:30:58.136188
2586,0.5,Bio Stress Detected - Trade Adjusted,2026-05-11 07:30:58.150200
2587,0.5,Bio Stress Detected - Trade Adjusted,2026-05-11 07:30:58.164876
2590,0.5,Bio Stress Detected - Trade Adjusted,2026-05-11 07:30:58.179563
2591,0.5,Bio Stress Detected - Trade Adjusted,2026-05-11 07:30:58.194127
2592,0.5,Bio Stress Detected - Trade Adjusted,2026-05-11 07:30:58.209390
2593,0.1,Bio Stress Detected - Trade Adjusted,2026-05-11 07:30:58.225185
2594,0.1,Bio Stress Detected - Trade Adjusted,2026-05-11 07:30:58.239753
2595,0.1,Bio Stress Detected - Trade Adjusted,2026-05-11 07:30:58.253809
2603,0.5,Bio Stress Detected - Trade Adjusted,2026-05-11 07:30:58.267892
2608,0.1,Bio Stress Detected - Trade Adjusted,2026-05-11 07:30:58.281951
2609,0.1,Bio Stress Detected - Trade Adjusted,2026-05-11 07:30:58.296289
2610,0.5,Bio Stress Detected - Trade Adjusted,2026-05-11 07:30:58.311809
2611,0.1,Bio Stress Detected - Trade Adjusted,2026-05-11 07:30:58.326589
2616,0.1,Bio Stress Detected - Trade Adjusted,2026-05-11 07:30:58.341965
2617,0.5,Bio Stress Detected - Trade Adjusted,2026-05-11 07:30:58.357069
2618,0.5,Bio Stress Detected - Trade Adjusted,2026-05-11 07:30:58.371945
2620,0.5,Bio Stress Detected - Trade Adjusted,2026-05-11 07:30:58.386187
2621,0.1,Bio Stress Detected - Trade Adjusted,2026-05-11 07:30:58.403069
2623,0.1,Bio Stress Detected - Trade Adjusted,2026-05-11 07:30:58.418187
2624,0.5,Bio Stress Detected - Trade Adjusted,2026-05-11 07:30:58.433246
2627,0.5,Bio Stress Detected - Trade Adjusted,2026-05-11 07:30:58.448142
2628,0.5,Bio Stress Detected - Trade Adjusted,2026-05-11 07:30:58.464259
2629,0.5,Bio Stress Detected - Trade Adjusted,2026-05-11 07:30:58.479605
2631,0.1,Bio Stress Detected - Trade Adjusted,2026-05-11 07:30:58.494470
2632,0.5,Bio Stress Detected - Trade Adjusted,2026-05-11 07:30:58.509454
2634,0.5,Bio Stress Detected - Trade Adjusted,2026-05-11 07:30:58.524497
2635,0.5,Bio Stress Detected - Trade Adjusted,2026-05-11 07:30:58.538893
2641,0.5,Bio Stress Detected - Trade Adjusted,2026-05-11 07:30:58.553897
2643,0.5,Bio Stress Detected - Trade Adjusted,2026-05-11 07:30:58.568611
2645,0.5,Bio Stress Detected - Trade Adjusted,2026-05-11 07:30:58.582921
2647,0.5,Bio Stress Detected - Trade Adjusted,2026-05-11 07:30:58.597689
2648,0.1,Bio Stress Detected - Trade Adjusted,2026-05-11 07:30:58.613573
2649,0.5,Bio Stress Detected - Trade Adjusted,2026-05-11 07:30:58.628557
2652,0.5,Bio Stress Detected - Trade Adjusted,2026-05-11 07:30:58.644185
2653,0.5,Bio Stress Detected - Trade Adjusted,2026-05-11 07:30:58.659351
2656,0.5,Bio Stress Detected - Trade Adjusted,2026-05-11 07:30:58.675598
2660,0.5,Bio Stress Detected - Trade Adjusted,2026-05-11 07:30:58.690945
2661,0.1,Bio Stress Detected - Trade Adjusted,2026-05-11 07:30:58.706484
2664,0.5,Bio Stress Detected - Trade Adjusted,2026-05-11 07:30:58.723209
2670,0.1,Bio Stress Detected - Trade Adjusted,2026-05-11 07:30:58.739376
2672,0.5,Bio Stress Detected - Trade Adjusted,2026-05-11 07:30:58.755467
2674,0.1,Bio Stress Detected - Trade Adjusted,2026-05-11 07:30:58.771213
2677,0.5,Bio Stress Detected - Trade Adjusted,2026-05-11 07:30:58.786137
2679,0.5,Bio Stress Detected - Trade Adjusted,2026-05-11 07:30:58.802094
2683,0.5,Bio Stress Detected - Trade Adjusted,2026-05-11 07:30:58.816916
2684,0.5,Bio Stress Detected - Trade Adjusted,2026-05-11 07:30:58.830900
2685,0.5,Bio Stress Detected - Trade Adjusted,2026-05-11 07:30:58.845493
2687,0.1,Bio Stress Detected - Trade Adjusted,2026-05-11 07:30:58.861336
2691,0.5,Bio Stress Detected - Trade Adjusted,2026-05-11 07:30:58.876190
2693,0.5,Bio Stress Detected - Trade Adjusted,2026-05-11 07:30:58.891704
2694,0.1,Bio Stress Detected - Trade Adjusted,2026-05-11 07:30:58.906165
2696,0.5,Bio Stress Detected - Trade Adjusted,2026-05-11 07:30:58.921110
2697,0.5,Bio Stress Detected - Trade Adjusted,2026-05-11 07:30:58.935301
2700,0.5,Bio Stress Detected - Trade Adjusted,2026-05-11 07:30:58.949808
2704,0.1,Bio Stress Detected - Trade Adjusted,2026-05-11 07:30:58.965296
2705,0.5,Bio Stress Detected - Trade Adjusted,2026-05-11 07:30:58.980400
2707,0.5,Bio Stress Detected - Trade Adjusted,2026-05-11 07:30:58.995599
2713,0.1,Bio Stress Detected - Trade Adjusted,2026-05-11 07:30:59.010910
2714,0.5,Bio Stress Detected - Trade Adjusted,2026-05-11 07:30:59.025517
2715,0.5,Bio Stress Detected - Trade Adjusted,2026-05-11 07:30:59.039686
2717,0.5,Bio Stress Detected - Trade Adjusted,2026-05-11 07:30:59.055933
2720,0.5,Bio Stress Detected - Trade Adjusted,2026-05-11 07:30:59.071510
2721,0.5,Bio Stress Detected - Trade Adjusted,2026-05-11 07:30:59.086948
2724,0.5,Bio Stress Detected - Trade Adjusted,2026-05-11 07:30:59.103946
2725,0.5,Bio Stress Detected - Trade Adjusted,2026-05-11 07:30:59.120074
2728,0.5,Bio Stress Detected - Trade Adjusted,2026-05-11 07:30:59.135037
2729,0.1,Bio Stress Detected - Trade Adjusted,2026-05-11 07:30:59.150304
2731,0.5,Bio Stress Detected - Trade Adjusted,2026-05-11 07:30:59.166727
2733,0.5,Bio Stress Detected - Trade Adjusted,2026-05-11 07:30:59.181557
2734,0.5,Bio Stress Detected - Trade Adjusted,2026-05-11 07:30:59.196639
2736,0.5,Bio Stress Detected - Trade Adjusted,2026-05-11 07:30:59.212360
2738,0.5,Bio Stress Detected - Trade Adjusted,2026-05-11 07:30:59.229189
2741,0.5,Bio Stress Detected - Trade Adjusted,2026-05-11 07:30:59.244421
2745,0.5,Bio Stress Detected - Trade Adjusted,2026-05-11 07:30:59.259653
2748,0.5,Bio Stress Detected - Trade Adjusted,2026-05-11 07:30:59.275442
2750,0.5,Bio Stress Detected - Trade Adjusted,2026-05-11 07:30:59.290357
2751,0.1,Bio Stress Detected - Trade Adjusted,2026-05-11 07:30:59.306002
2752,0.1,Bio Stress Detected - Trade Adjusted,2026-05-11 07:30:59.321819
2753,0.5,Bio Stress Detected - Trade Adjusted,2026-05-11 07:30:59.337068
2755,0.1,Bio Stress Detected - Trade Adjusted,2026-05-11 07:30:59.352897
2756,0.1,Bio Stress Detected - Trade Adjusted,2026-05-11 07:30:59.368326
2757,0.1,Bio Stress Detected - Trade Adjusted,2026-05-11 07:30:59.383033
2759,0.1,Bio Stress Detected - Trade Adjusted,2026-05-11 07:30:59.398769
2760,0.5,Bio Stress Detected - Trade Adjusted,2026-05-11 07:30:59.414072
2761,0.5,Bio Stress Detected - Trade Adjusted,2026-05-11 07:30:59.429579
2762,0.5,Bio Stress Detected - Trade Adjusted,2026-05-11 07:30:59.444718
2768,0.1,Bio Stress Detected - Trade Adjusted,2026-05-11 07:30:59.459699
2769,0.5,Bio Stress Detected - Trade Adjusted,2026-05-11 07:30:59.475121
2773,0.5,Bio Stress Detected - Trade Adjusted,2026-05-11 07:30:59.489824
2776,0.1,Bio Stress Detected - Trade Adjusted,2026-05-11 07:30:59.504634
2778,0.1,Bio Stress Detected - Trade Adjusted,2026-05-11 07:30:59.519609
2779,0.5,Bio Stress Detected - Trade Adjusted,2026-05-11 07:30:59.534393
2780,0.5,Bio Stress Detected - Trade Adjusted,2026-05-11 07:30:59.549479
2785,0.1,Bio Stress Detected - Trade Adjusted,2026-05-11 07:30:59.565611
2786,0.5,Bio Stress Detected - Trade Adjusted,2026-05-11 07:30:59.581502
2789,0.5,Bio Stress Detected - Trade Adjusted,2026-05-11 07:30:59.596951
2790,0.1,Bio Stress Detected - Trade Adjusted,2026-05-11 07:30:59.613054
2791,0.1,Bio Stress Detected - Trade Adjusted,2026-05-11 07:30:59.628505
2793,0.5,Bio Stress Detected - Trade Adjusted,2026-05-11 07:30:59.644131
2795,0.5,Bio Stress Detected - Trade Adjusted,2026-05-11 07:30:59.659519
2797,0.5,Bio Stress Detected - Trade Adjusted,2026-05-11 07:30:59.674666
2798,0.5,Bio Stress Detected - Trade Adjusted,2026-05-11 07:30:59.691591
2807,0.1,Bio Stress Detected - Trade Adjusted,2026-05-11 07:30:59.708470
2809,0.5,Bio Stress Detected - Trade Adjusted,2026-05-11 07:30:59.724748
2817,0.5,Bio Stress Detected - Trade Adjusted,2026-05-11 07:30:59.740035
2818,0.1,Bio Stress Detected - Trade Adjusted,2026-05-11 07:30:59.754890
2819,0.5,Bio Stress Detected - Trade Adjusted,2026-05-11 07:30:59.770497
2820,0.5,Bio Stress Detected - Trade Adjusted,2026-05-11 07:30:59.785826
2821,0.1,Bio Stress Detected - Trade Adjusted,2026-05-11 07:30:59.801456
2824,0.1,Bio Stress Detected - Trade Adjusted,2026-05-11 07:30:59.817348
2826,0.5,Bio Stress Detected - Trade Adjusted,2026-05-11 07:30:59.831893
2829,0.5,Bio Stress Detected - Trade Adjusted,2026-05-11 07:30:59.846631
2832,0.1,Bio Stress Detected - Trade Adjusted,2026-05-11 07:30:59.862619
2833,0.5,Bio Stress Detected - Trade Adjusted,2026-05-11 07:30:59.877559
2834,0.5,Bio Stress Detected - Trade Adjusted,2026-05-11 07:30:59.892851
2835,0.5,Bio Stress Detected - Trade Adjusted,2026-05-11 07:30:59.909413
2837,0.5,Bio Stress Detected - Trade Adjusted,2026-05-11 07:30:59.926764
2838,0.5,Bio Stress Detected - Trade Adjusted,2026-05-11 07:30:59.941606
2840,0.5,Bio Stress Detected - Trade Adjusted,2026-05-11 07:30:59.958510
2841,0.1,Bio Stress Detected - Trade Adjusted,2026-05-11 07:30:59.975065
2842,0.5,Bio Stress Detected - Trade Adjusted,2026-05-11 07:30:59.990834
2843,0.5,Bio Stress Detected - Trade Adjusted,2026-05-11 07:31:00.005835
2845,0.1,Bio Stress Detected - Trade Adjusted,2026-05-11 07:31:00.022846
2849,0.1,Bio Stress Detected - Trade Adjusted,2026-05-11 07:31:00.038153
2851,0.1,Bio Stress Detected - Trade Adjusted,2026-05-11 07:31:00.053945
2854,0.5,Bio Stress Detected - Trade Adjusted,2026-05-11 07:31:00.070888
2855,0.5,Bio Stress Detected - Trade Adjusted,2026-05-11 07:31:00.087185
2857,0.5,Bio Stress Detected - Trade Adjusted,2026-05-11 07:31:00.103160
2865,0.5,Bio Stress Detected - Trade Adjusted,2026-05-11 07:31:00.120665
2873,0.5,Bio Stress Detected - Trade Adjusted,2026-05-11 07:31:00.136286
2875,0.1,Bio Stress Detected - Trade Adjusted,2026-05-11 07:31:00.151162
2878,0.5,Bio Stress Detected - Trade Adjusted,2026-05-11 07:31:00.165933
2879,0.1,Bio Stress Detected - Trade Adjusted,2026-05-11 07:31:00.180956
2880,0.5,Bio Stress Detected - Trade Adjusted,2026-05-11 07:31:00.195664
2881,0.1,Bio Stress Detected - Trade Adjusted,2026-05-11 07:31:00.210853
2886,0.1,Bio Stress Detected - Trade Adjusted,2026-05-11 07:31:00.226008
2887,0.5,Bio Stress Detected - Trade Adjusted,2026-05-11 07:31:00.240775
2890,0.5,Bio Stress Detected - Trade Adjusted,2026-05-11 07:31:00.254696
2896,0.5,Bio Stress Detected - Trade Adjusted,2026-05-11 07:31:00.268959
2901,0.5,Bio Stress Detected - Trade Adjusted,2026-05-11 07:31:00.283941
2902,0.1,Bio Stress Detected - Trade Adjusted,2026-05-11 07:31:00.299805
2908,0.5,Bio Stress Detected - Trade Adjusted,2026-05-11 07:31:00.315287
2910,0.1,Bio Stress Detected - Trade Adjusted,2026-05-11 07:31:00.331014
2911,0.5,Bio Stress Detected - Trade Adjusted,2026-05-11 07:31:00.346674
2912,0.5,Bio Stress Detected - Trade Adjusted,2026-05-11 07:31:00.361215
2913,0.5,Bio Stress Detected - Trade Adjusted,2026-05-11 07:31:00.374894
2914,0.1,Bio Stress Detected - Trade Adjusted,2026-05-11 07:31:00.390052
2916,0.5,Bio Stress Detected - Trade Adjusted,2026-05-11 07:31:00.406300
2917,0.1,Bio Stress Detected - Trade Adjusted,2026-05-11 07:31:00.422145
2918,0.1,Bio Stress Detected - Trade Adjusted,2026-05-11 07:31:00.438467
2919,0.5,Bio Stress Detected - Trade Adjusted,2026-05-11 07:31:00.454378
2922,0.5,Bio Stress Detected - Trade Adjusted,2026-05-11 07:31:00.469848
2925,0.5,Bio Stress Detected - Trade Adjusted,2026-05-11 07:31:00.485313
2927,0.5,Bio Stress Detected - Trade Adjusted,2026-05-11 07:31:00.500786
2929,0.5,Bio Stress Detected - Trade Adjusted,2026-05-11 07:31:00.516663
2930,0.5,Bio Stress Detected - Trade Adjusted,2026-05-11 07:31:00.533578
2931,0.5,Bio Stress Detected - Trade Adjusted,2026-05-11 07:31:00.548289
2934,0.1,Bio Stress Detected - Trade Adjusted,2026-05-11 07:31:00.564098
2935,0.5,Bio Stress Detected - Trade Adjusted,2026-05-11 07:31:00.579319
2936,0.5,Bio Stress Detected - Trade Adjusted,2026-05-11 07:31:00.593743
2937,0.5,Bio Stress Detected - Trade Adjusted,2026-05-11 07:31:00.609328
2942,0.1,Bio Stress Detected - Trade Adjusted,2026-05-11 07:31:00.625041
2945,0.1,Bio Stress Detected - Trade Adjusted,2026-05-11 07:31:00.640330
2946,0.5,Bio Stress Detected - Trade Adjusted,2026-05-11 07:31:00.655471
2947,0.1,Bio Stress Detected - Trade Adjusted,2026-05-11 07:31:00.671087
2951,0.5,Bio Stress Detected - Trade Adjusted,2026-05-11 07:31:00.686820
2952,0.5,Bio Stress Detected - Trade Adjusted,2026-05-11 07:31:00.703093
2953,0.1,Bio Stress Detected - Trade Adjusted,2026-05-11 07:31:00.719069
2956,0.1,Bio Stress Detected - Trade Adjusted,2026-05-11 07:31:00.735307
2959,0.1,Bio Stress Detected - Trade Adjusted,2026-05-11 07:31:00.750281
2963,0.1,Bio Stress Detected - Trade Adjusted,2026-05-11 07:31:00.765536
2964,0.5,Bio Stress Detected - Trade Adjusted,2026-05-11 07:31:00.780628
2965,0.5,Bio Stress Detected - Trade Adjusted,2026-05-11 07:31:00.794963
2969,0.5,Bio Stress Detected - Trade Adjusted,2026-05-11 07:31:00.810735
2974,0.5,Bio Stress Detected - Trade Adjusted,2026-05-11 07:31:00.826608
2976,0.1,Bio Stress Detected - Trade Adjusted,2026-05-11 07:31:00.842173
2977,0.5,Bio Stress Detected - Trade Adjusted,2026-05-11 07:31:00.857580
2978,0.5,Bio Stress Detected - Trade Adjusted,2026-05-11 07:31:00.872615
2979,0.5,Bio Stress Detected - Trade Adjusted,2026-05-11 07:31:00.886955
2982,0.5,Bio Stress Detected - Trade Adjusted,2026-05-11 07:31:00.902125
2983,0.5,Bio Stress Detected - Trade Adjusted,2026-05-11 07:31:00.917204
2984,0.5,Bio Stress Detected - Trade Adjusted,2026-05-11 07:31:00.933060
2985,0.1,Bio Stress Detected - Trade Adjusted,2026-05-11 07:31:00.947853
2986,0.1,Bio Stress Detected - Trade Adjusted,2026-05-11 07:31:00.962130
2987,0.1,Bio Stress Detected - Trade Adjusted,2026-05-11 07:31:00.977648
2988,0.5,Bio Stress Detected - Trade Adjusted,2026-05-11 07:31:00.992532
2989,0.1,Bio Stress Detected - Trade Adjusted,2026-05-11 07:31:01.006850
2990,0.5,Bio Stress Detected - Trade Adjusted,2026-05-11 07:31:01.023224
2995,0.1,Bio Stress Detected - Trade Adjusted,2026-05-11 07:31:01.038422
2997,0.5,Bio Stress Detected - Trade Adjusted,2026-05-11 07:31:01.052733
3000,0.1,Bio Stress Detected - Trade Adjusted,2026-05-11 07:31:01.067734
3001,0.5,Bio Stress Detected - Trade Adjusted,2026-05-11 07:31:01.083566
3003,0.1,Bio Stress Detected - Trade Adjusted,2026-05-11 07:31:01.098647
3004,0.1,Bio Stress Detected - Trade Adjusted,2026-05-11 07:31:01.114028
3005,0.5,Bio Stress Detected - Trade Adjusted,2026-05-11 07:31:01.130427
3006,0.5,Bio Stress Detected - Trade Adjusted,2026-05-11 07:31:01.145379
3007,0.1,Bio Stress Detected - Trade Adjusted,2026-05-11 07:31:01.161037
3010,0.1,Bio Stress Detected - Trade Adjusted,2026-05-11 07:31:01.175992
3011,0.1,Bio Stress Detected - Trade Adjusted,2026-05-11 07:31:01.191656
3014,0.5,Bio Stress Detected - Trade Adjusted,2026-05-11 07:31:01.206858
3017,0.5,Bio Stress Detected - Trade Adjusted,2026-05-11 07:31:01.223426
3018,0.1,Bio Stress Detected - Trade Adjusted,2026-05-11 07:31:01.238040
3019,0.5,Bio Stress Detected - Trade Adjusted,2026-05-11 07:31:01.252514
3022,0.5,Bio Stress Detected - Trade Adjusted,2026-05-11 07:31:01.267683
3025,0.5,Bio Stress Detected - Trade Adjusted,2026-05-11 07:31:01.283384
3026,0.5,Bio Stress Detected - Trade Adjusted,2026-05-11 07:31:01.299231
3028,0.5,Bio Stress Detected - Trade Adjusted,2026-05-11 07:31:01.314277
3031,0.1,Bio Stress Detected - Trade Adjusted,2026-05-11 07:31:01.330439
3032,0.5,Bio Stress Detected - Trade Adjusted,2026-05-11 07:31:01.346026
3033,0.5,Bio Stress Detected - Trade Adjusted,2026-05-11 07:31:01.360804
3034,0.5,Bio Stress Detected - Trade Adjusted,2026-05-11 07:31:01.377161
3035,0.1,Bio Stress Detected - Trade Adjusted,2026-05-11 07:31:01.392169
3036,0.5,Bio Stress Detected - Trade Adjusted,2026-05-11 07:31:01.407428
3037,0.5,Bio Stress Detected - Trade Adjusted,2026-05-11 07:31:01.423681
3044,0.5,Bio Stress Detected - Trade Adjusted,2026-05-11 07:31:01.438480
3045,0.5,Bio Stress Detected - Trade Adjusted,2026-05-11 07:31:01.454142
3049,0.5,Bio Stress Detected - Trade Adjusted,2026-05-11 07:31:01.469726
3051,0.1,Bio Stress Detected - Trade Adjusted,2026-05-11 07:31:01.485515
3052,0.5,Bio Stress Detected - Trade Adjusted,2026-05-11 07:31:01.500895
3053,0.1,Bio Stress Detected - Trade Adjusted,2026-05-11 07:31:01.515927
3057,0.5,Bio Stress Detected - Trade Adjusted,2026-05-11 07:31:01.530606
3065,0.5,Bio Stress Detected - Trade Adjusted,2026-05-11 07:31:01.545225
3066,0.5,Bio Stress Detected - Trade Adjusted,2026-05-11 07:31:01.559719
3070,0.1,Bio Stress Detected - Trade Adjusted,2026-05-11 07:31:01.573983
3073,0.5,Bio Stress Detected - Trade Adjusted,2026-05-11 07:31:01.589266
3075,0.5,Bio Stress Detected - Trade Adjusted,2026-05-11 07:31:01.604006
3079,0.5,Bio Stress Detected - Trade Adjusted,2026-05-11 07:31:01.619976
3080,0.1,Bio Stress Detected - Trade Adjusted,2026-05-11 07:31:01.634747
3082,0.5,Bio Stress Detected - Trade Adjusted,2026-05-11 07:31:01.650361
3084,0.1,Bio Stress Detected - Trade Adjusted,2026-05-11 07:31:01.665933
3090,0.5,Bio Stress Detected - Trade Adjusted,2026-05-11 07:31:01.681730
3092,0.1,Bio Stress Detected - Trade Adjusted,2026-05-11 07:31:01.696485
3094,0.1,Bio Stress Detected - Trade Adjusted,2026-05-11 07:31:01.711419
3099,0.1,Bio Stress Detected - Trade Adjusted,2026-05-11 07:31:01.727084
3102,0.5,Bio Stress Detected - Trade Adjusted,2026-05-11 07:31:01.742254
3105,0.5,Bio Stress Detected - Trade Adjusted,2026-05-11 07:31:01.757726
3107,0.5,Bio Stress Detected - Trade Adjusted,2026-05-11 07:31:01.772704
3112,0.5,Bio Stress Detected - Trade Adjusted,2026-05-11 07:31:01.787609
3114,0.1,Bio Stress Detected - Trade Adjusted,2026-05-11 07:31:01.802080
3119,0.5,Bio Stress Detected - Trade Adjusted,2026-05-11 07:31:01.817568
3120,0.1,Bio Stress Detected - Trade Adjusted,2026-05-11 07:31:01.832487
3122,0.5,Bio Stress Detected - Trade Adjusted,2026-05-11 07:31:01.847621
3123,0.5,Bio Stress Detected - Trade Adjusted,2026-05-11 07:31:01.862659
3124,0.5,Bio Stress Detected - Trade Adjusted,2026-05-11 07:31:01.877583
3125,0.5,Bio Stress Detected - Trade Adjusted,2026-05-11 07:31:01.891912
3132,0.1,Bio Stress Detected - Trade Adjusted,2026-05-11 07:31:01.906431
3138,0.5,Bio Stress Detected - Trade Adjusted,2026-05-11 07:31:01.922606
3139,0.1,Bio Stress Detected - Trade Adjusted,2026-05-11 07:31:01.937301
3144,0.1,Bio Stress Detected - Trade Adjusted,2026-05-11 07:31:01.952627
3145,0.5,Bio Stress Detected - Trade Adjusted,2026-05-11 07:31:01.967699
3148,0.5,Bio Stress Detected - Trade Adjusted,2026-05-11 07:31:01.982769
3149,0.5,Bio Stress Detected - Trade Adjusted,2026-05-11 07:31:01.998615
3150,0.5,Bio Stress Detected - Trade Adjusted,2026-05-11 07:31:02.013685
3151,0.5,Bio Stress Detected - Trade Adjusted,2026-05-11 07:31:02.029355
3153,0.5,Bio Stress Detected - Trade Adjusted,2026-05-11 07:31:02.044158
3156,0.5,Bio Stress Detected - Trade Adjusted,2026-05-11 07:31:02.058854
3161,0.5,Bio Stress Detected - Trade Adjusted,2026-05-11 07:31:02.073436
3162,0.5,Bio Stress Detected - Trade Adjusted,2026-05-11 07:31:02.088877
3163,0.5,Bio Stress Detected - Trade Adjusted,2026-05-11 07:31:02.103650
3166,0.5,Bio Stress Detected - Trade Adjusted,2026-05-11 07:31:02.119048
3167,0.1,Bio Stress Detected - Trade Adjusted,2026-05-11 07:31:02.133332
3169,0.5,Bio Stress Detected - Trade Adjusted,2026-05-11 07:31:02.148576
3170,0.1,Bio Stress Detected - Trade Adjusted,2026-05-11 07:31:02.164110
3172,0.1,Bio Stress Detected - Trade Adjusted,2026-05-11 07:31:02.179848
3175,0.1,Bio Stress Detected - Trade Adjusted,2026-05-11 07:31:02.195058
3176,0.5,Bio Stress Detected - Trade Adjusted,2026-05-11 07:31:02.209944
3177,0.5,Bio Stress Detected - Trade Adjusted,2026-05-11 07:31:02.226643
3179,0.5,Bio Stress Detected - Trade Adjusted,2026-05-11 07:31:02.242249
3181,0.5,Bio Stress Detected - Trade Adjusted,2026-05-11 07:31:02.257176
3185,0.1,Bio Stress Detected - Trade Adjusted,2026-05-11 07:31:02.272602
3187,0.1,Bio Stress Detected - Trade Adjusted,2026-05-11 07:31:02.287771
3188,0.5,Bio Stress Detected - Trade Adjusted,2026-05-11 07:31:02.301896
3189,0.5,Bio Stress Detected - Trade Adjusted,2026-05-11 07:31:02.316483
3190,0.5,Bio Stress Detected - Trade Adjusted,2026-05-11 07:31:02.331848
3192,0.5,Bio Stress Detected - Trade Adjusted,2026-05-11 07:31:02.346841
3195,0.5,Bio Stress Detected - Trade Adjusted,2026-05-11 07:31:02.362014
3202,0.1,Bio Stress Detected - Trade Adjusted,2026-05-11 07:31:02.377591
3204,0.5,Bio Stress Detected - Trade Adjusted,2026-05-11 07:31:02.392300
3206,0.5,Bio Stress Detected - Trade Adjusted,2026-05-11 07:31:02.406530
3207,0.5,Bio Stress Detected - Trade Adjusted,2026-05-11 07:31:02.422602
3211,0.5,Bio Stress Detected - Trade Adjusted,2026-05-11 07:31:02.437192
3212,0.5,Bio Stress Detected - Trade Adjusted,2026-05-11 07:31:02.452020
3217,0.5,Bio Stress Detected - Trade Adjusted,2026-05-11 07:31:02.466997
3220,0.5,Bio Stress Detected - Trade Adjusted,2026-05-11 07:31:02.481929
3224,0.5,Bio Stress Detected - Trade Adjusted,2026-05-11 07:31:02.496947
3232,0.5,Bio Stress Detected - Trade Adjusted,2026-05-11 07:31:02.512733
3234,0.5,Bio Stress Detected - Trade Adjusted,2026-05-11 07:31:02.528994
3235,0.5,Bio Stress Detected - Trade Adjusted,2026-05-11 07:31:02.544651
3239,0.1,Bio Stress Detected - Trade Adjusted,2026-05-11 07:31:02.560449
3243,0.1,Bio Stress Detected - Trade Adjusted,2026-05-11 07:31:02.576486
3244,0.1,Bio Stress Detected - Trade Adjusted,2026-05-11 07:31:02.591357
3250,0.5,Bio Stress Detected - Trade Adjusted,2026-05-11 07:31:02.607574
3252,0.1,Bio Stress Detected - Trade Adjusted,2026-05-11 07:31:02.624451
3256,0.5,Bio Stress Detected - Trade Adjusted,2026-05-11 07:31:02.640911
3262,0.1,Bio Stress Detected - Trade Adjusted,2026-05-11 07:31:02.658938
3265,0.5,Bio Stress Detected - Trade Adjusted,2026-05-11 07:31:02.673865
3266,0.5,Bio Stress Detected - Trade Adjusted,2026-05-11 07:31:02.689307
3267,0.1,Bio Stress Detected - Trade Adjusted,2026-05-11 07:31:02.705004
3269,0.1,Bio Stress Detected - Trade Adjusted,2026-05-11 07:31:02.721121
3278,0.5,Bio Stress Detected - Trade Adjusted,2026-05-11 07:31:02.735868
3280,0.5,Bio Stress Detected - Trade Adjusted,2026-05-11 07:31:02.751276
3282,0.5,Bio Stress Detected - Trade Adjusted,2026-05-11 07:31:02.766770
3285,0.5,Bio Stress Detected - Trade Adjusted,2026-05-11 07:31:02.781073
3286,0.1,Bio Stress Detected - Trade Adjusted,2026-05-11 07:31:02.795184
3287,0.1,Bio Stress Detected - Trade Adjusted,2026-05-11 07:31:02.809277
3288,0.1,Bio Stress Detected - Trade Adjusted,2026-05-11 07:31:02.825154
3292,0.5,Bio Stress Detected - Trade Adjusted,2026-05-11 07:31:02.840344
3294,0.1,Bio Stress Detected - Trade Adjusted,2026-05-11 07:31:02.856076
3298,0.5,Bio Stress Detected - Trade Adjusted,2026-05-11 07:31:02.871276
3301,0.1,Bio Stress Detected - Trade Adjusted,2026-05-11 07:31:02.885817
3302,0.1,Bio Stress Detected - Trade Adjusted,2026-05-11 07:31:02.900327
3303,0.1,Bio Stress Detected - Trade Adjusted,2026-05-11 07:31:02.915048
3306,0.1,Bio Stress Detected - Trade Adjusted,2026-05-11 07:31:02.930655
3309,0.1,Bio Stress Detected - Trade Adjusted,2026-05-11 07:31:02.944946
3310,0.1,Bio Stress Detected - Trade Adjusted,2026-05-11 07:31:02.960911
3312,0.5,Bio Stress Detected - Trade Adjusted,2026-05-11 07:31:02.976084
3313,0.1,Bio Stress Detected - Trade Adjusted,2026-05-11 07:31:02.992052
3314,0.1,Bio Stress Detected - Trade Adjusted,2026-05-11 07:31:03.007116
3320,0.5,Bio Stress Detected - Trade Adjusted,2026-05-11 07:31:03.022204
3324,0.1,Bio Stress Detected - Trade Adjusted,2026-05-11 07:31:03.037553
3329,0.1,Bio Stress Detected - Trade Adjusted,2026-05-11 07:31:03.052850
3331,0.1,Bio Stress Detected - Trade Adjusted,2026-05-11 07:31:03.067113
3336,0.5,Bio Stress Detected - Trade Adjusted,2026-05-11 07:31:03.082208
3337,0.5,Bio Stress Detected - Trade Adjusted,2026-05-11 07:31:03.098151
3338,0.5,Bio Stress Detected - Trade Adjusted,2026-05-11 07:31:03.113048
3340,0.1,Bio Stress Detected - Trade Adjusted,2026-05-11 07:31:03.128286
3342,0.5,Bio Stress Detected - Trade Adjusted,2026-05-11 07:31:03.142658
3343,0.1,Bio Stress Detected - Trade Adjusted,2026-05-11 07:31:03.158340
3344,0.1,Bio Stress Detected - Trade Adjusted,2026-05-11 07:31:03.174129
3345,0.1,Bio Stress Detected - Trade Adjusted,2026-05-11 07:31:03.189221
3346,0.5,Bio Stress Detected - Trade Adjusted,2026-05-11 07:31:03.204160
3347,0.1,Bio Stress Detected - Trade Adjusted,2026-05-11 07:31:03.219958
3357,0.5,Bio Stress Detected - Trade Adjusted,2026-05-11 07:31:03.236217
3358,0.1,Bio Stress Detected - Trade Adjusted,2026-05-11 07:31:03.250774
3360,0.5,Bio Stress Detected - Trade Adjusted,2026-05-11 07:31:03.266082
3361,0.5,Bio Stress Detected - Trade Adjusted,2026-05-11 07:31:03.281273
3367,0.5,Bio Stress Detected - Trade Adjusted,2026-05-11 07:31:03.297123
3368,0.5,Bio Stress Detected - Trade Adjusted,2026-05-11 07:31:03.312761
3369,0.1,Bio Stress Detected - Trade Adjusted,2026-05-11 07:31:03.329506
3371,0.1,Bio Stress Detected - Trade Adjusted,2026-05-11 07:31:03.345134
3373,0.5,Bio Stress Detected - Trade Adjusted,2026-05-11 07:31:03.359959
3376,0.1,Bio Stress Detected - Trade Adjusted,2026-05-11 07:31:03.374880
3378,0.5,Bio Stress Detected - Trade Adjusted,2026-05-11 07:31:03.389690
3379,0.5,Bio Stress Detected - Trade Adjusted,2026-05-11 07:31:03.404951
3380,0.1,Bio Stress Detected - Trade Adjusted,2026-05-11 07:31:03.419682
3381,0.5,Bio Stress Detected - Trade Adjusted,2026-05-11 07:31:03.434294
3383,0.5,Bio Stress Detected - Trade Adjusted,2026-05-11 07:31:03.448464
3384,0.1,Bio Stress Detected - Trade Adjusted,2026-05-11 07:31:03.462838
3390,0.5,Bio Stress Detected - Trade Adjusted,2026-05-11 07:31:03.478925
3392,0.5,Bio Stress Detected - Trade Adjusted,2026-05-11 07:31:03.493779
3393,0.5,Bio Stress Detected - Trade Adjusted,2026-05-11 07:31:03.508995
3395,0.5,Bio Stress Detected - Trade Adjusted,2026-05-11 07:31:03.524154
3397,0.1,Bio Stress Detected - Trade Adjusted,2026-05-11 07:31:03.540239
3399,0.1,Bio Stress Detected - Trade Adjusted,2026-05-11 07:31:03.556191
3401,0.1,Bio Stress Detected - Trade Adjusted,2026-05-11 07:31:03.570905
3402,0.5,Bio Stress Detected - Trade Adjusted,2026-05-11 07:31:03.586019
3404,0.5,Bio Stress Detected - Trade Adjusted,2026-05-11 07:31:03.602820
3406,0.1,Bio Stress Detected - Trade Adjusted,2026-05-11 07:31:03.617506
3407,0.5,Bio Stress Detected - Trade Adjusted,2026-05-11 07:31:03.633609
3408,0.5,Bio Stress Detected - Trade Adjusted,2026-05-11 07:31:03.649048
3414,0.1,Bio Stress Detected - Trade Adjusted,2026-05-11 07:31:03.666039
3415,0.1,Bio Stress Detected - Trade Adjusted,2026-05-11 07:31:03.680553
3417,0.5,Bio Stress Detected - Trade Adjusted,2026-05-11 07:31:03.695706
3419,0.5,Bio Stress Detected - Trade Adjusted,2026-05-11 07:31:03.710949
3422,0.5,Bio Stress Detected - Trade Adjusted,2026-05-11 07:31:03.725880
3423,0.5,Bio Stress Detected - Trade Adjusted,2026-05-11 07:31:03.740087
3425,0.5,Bio Stress Detected - Trade Adjusted,2026-05-11 07:31:03.754447
3427,0.5,Bio Stress Detected - Trade Adjusted,2026-05-11 07:31:03.769177
3428,0.5,Bio Stress Detected - Trade Adjusted,2026-05-11 07:31:03.784242
3429,0.1,Bio Stress Detected - Trade Adjusted,2026-05-11 07:31:03.799124
3434,0.1,Bio Stress Detected - Trade Adjusted,2026-05-11 07:31:03.814100
3439,0.5,Bio Stress Detected - Trade Adjusted,2026-05-11 07:31:03.830047
3444,0.1,Bio Stress Detected - Trade Adjusted,2026-05-11 07:31:03.844187
3446,0.1,Bio Stress Detected - Trade Adjusted,2026-05-11 07:31:03.860545
3448,0.1,Bio Stress Detected - Trade Adjusted,2026-05-11 07:31:03.875223
3449,0.5,Bio Stress Detected - Trade Adjusted,2026-05-11 07:31:03.890639
3454,0.5,Bio Stress Detected - Trade Adjusted,2026-05-11 07:31:03.906728
3455,0.5,Bio Stress Detected - Trade Adjusted,2026-05-11 07:31:03.921737
3457,0.5,Bio Stress Detected - Trade Adjusted,2026-05-11 07:31:03.936063
3462,0.5,Bio Stress Detected - Trade Adjusted,2026-05-11 07:31:03.950477
3463,0.5,Bio Stress Detected - Trade Adjusted,2026-05-11 07:31:03.964975
3467,0.1,Bio Stress Detected - Trade Adjusted,2026-05-11 07:31:03.980061
3469,0.1,Bio Stress Detected - Trade Adjusted,2026-05-11 07:31:03.995139
3478,0.5,Bio Stress Detected - Trade Adjusted,2026-05-11 07:31:04.010989
3480,0.5,Bio Stress Detected - Trade Adjusted,2026-05-11 07:31:04.027083
3481,0.5,Bio Stress Detected - Trade Adjusted,2026-05-11 07:31:04.042627
3482,0.5,Bio Stress Detected - Trade Adjusted,2026-05-11 07:31:04.057900
3486,0.1,Bio Stress Detected - Trade Adjusted,2026-05-11 07:31:04.073287
3488,0.5,Bio Stress Detected - Trade Adjusted,2026-05-11 07:31:04.088094
3489,0.5,Bio Stress Detected - Trade Adjusted,2026-05-11 07:31:04.103150
3496,0.5,Bio Stress Detected - Trade Adjusted,2026-05-11 07:31:04.117980
3497,0.5,Bio Stress Detected - Trade Adjusted,2026-05-11 07:31:04.133154
3498,0.1,Bio Stress Detected - Trade Adjusted,2026-05-11 07:31:04.148267
3500,0.5,Bio Stress Detected - Trade Adjusted,2026-05-11 07:31:04.163735
3501,0.1,Bio Stress Detected - Trade Adjusted,2026-05-11 07:31:04.179161
3502,0.5,Bio Stress Detected - Trade Adjusted,2026-05-11 07:31:04.193725
3505,0.5,Bio Stress Detected - Trade Adjusted,2026-05-11 07:31:04.208185
3508,0.1,Bio Stress Detected - Trade Adjusted,2026-05-11 07:31:04.222927
3509,0.1,Bio Stress Detected - Trade Adjusted,2026-05-11 07:31:04.237350
3511,0.1,Bio Stress Detected - Trade Adjusted,2026-05-11 07:31:04.252217
3512,0.5,Bio Stress Detected - Trade Adjusted,2026-05-11 07:31:04.267376
3513,0.5,Bio Stress Detected - Trade Adjusted,2026-05-11 07:31:04.282599
3514,0.1,Bio Stress Detected - Trade Adjusted,2026-05-11 07:31:04.297791
3516,0.1,Bio Stress Detected - Trade Adjusted,2026-05-11 07:31:04.312397
3517,0.1,Bio Stress Detected - Trade Adjusted,2026-05-11 07:31:04.327927
3518,0.5,Bio Stress Detected - Trade Adjusted,2026-05-11 07:31:04.342540
3524,0.1,Bio Stress Detected - Trade Adjusted,2026-05-11 07:31:04.359414
3525,0.1,Bio Stress Detected - Trade Adjusted,2026-05-11 07:31:04.373621
3526,0.1,Bio Stress Detected - Trade Adjusted,2026-05-11 07:31:04.388528
3527,0.5,Bio Stress Detected - Trade Adjusted,2026-05-11 07:31:04.404148
3528,0.5,Bio Stress Detected - Trade Adjusted,2026-05-11 07:31:04.419172
3536,0.1,Bio Stress Detected - Trade Adjusted,2026-05-11 07:31:04.435123
3540,0.5,Bio Stress Detected - Trade Adjusted,2026-05-11 07:31:04.450627
3543,0.1,Bio Stress Detected - Trade Adjusted,2026-05-11 07:31:04.465607
3544,0.1,Bio Stress Detected - Trade Adjusted,2026-05-11 07:31:04.479843
3545,0.1,Bio Stress Detected - Trade Adjusted,2026-05-11 07:31:04.493920
3547,0.5,Bio Stress Detected - Trade Adjusted,2026-05-11 07:31:04.508238
3548,0.5,Bio Stress Detected - Trade Adjusted,2026-05-11 07:31:04.523208
3552,0.1,Bio Stress Detected - Trade Adjusted,2026-05-11 07:31:04.537753
3555,0.5,Bio Stress Detected - Trade Adjusted,2026-05-11 07:31:04.552895
3560,0.5,Bio Stress Detected - Trade Adjusted,2026-05-11 07:31:04.567802
3567,0.5,Bio Stress Detected - Trade Adjusted,2026-05-11 07:31:04.583659
3568,0.5,Bio Stress Detected - Trade Adjusted,2026-05-11 07:31:04.600327
3570,0.5,Bio Stress Detected - Trade Adjusted,2026-05-11 07:31:04.616773
3571,0.5,Bio Stress Detected - Trade Adjusted,2026-05-11 07:31:04.633720
3572,0.5,Bio Stress Detected - Trade Adjusted,2026-05-11 07:31:04.647960
3574,0.5,Bio Stress Detected - Trade Adjusted,2026-05-11 07:31:04.665934
3575,0.5,Bio Stress Detected - Trade Adjusted,2026-05-11 07:31:04.680216
3577,0.1,Bio Stress Detected - Trade Adjusted,2026-05-11 07:31:04.695747
3578,0.1,Bio Stress Detected - Trade Adjusted,2026-05-11 07:31:04.710794
3579,0.5,Bio Stress Detected - Trade Adjusted,2026-05-11 07:31:04.728566
3584,0.5,Bio Stress Detected - Trade Adjusted,2026-05-11 07:31:04.744620
3588,0.1,Bio Stress Detected - Trade Adjusted,2026-05-11 07:31:04.759810
3589,0.5,Bio Stress Detected - Trade Adjusted,2026-05-11 07:31:04.775837
3591,0.5,Bio Stress Detected - Trade Adjusted,2026-05-11 07:31:04.790768
3592,0.1,Bio Stress Detected - Trade Adjusted,2026-05-11 07:31:04.806002
3596,0.5,Bio Stress Detected - Trade Adjusted,2026-05-11 07:31:04.822177
3597,0.1,Bio Stress Detected - Trade Adjusted,2026-05-11 07:31:04.836232
3598,0.1,Bio Stress Detected - Trade Adjusted,2026-05-11 07:31:04.850705
3599,0.5,Bio Stress Detected - Trade Adjusted,2026-05-11 07:31:04.866671
3602,0.1,Bio Stress Detected - Trade Adjusted,2026-05-11 07:31:04.881696
3607,0.1,Bio Stress Detected - Trade Adjusted,2026-05-11 07:31:04.897179
3608,0.5,Bio Stress Detected - Trade Adjusted,2026-05-11 07:31:04.912921
3616,0.1,Bio Stress Detected - Trade Adjusted,2026-05-11 07:31:04.930266
3619,0.5,Bio Stress Detected - Trade Adjusted,2026-05-11 07:31:04.945115
3622,0.5,Bio Stress Detected - Trade Adjusted,2026-05-11 07:31:04.960228
3625,0.1,Bio Stress Detected - Trade Adjusted,2026-05-11 07:31:04.975433
3626,0.5,Bio Stress Detected - Trade Adjusted,2026-05-11 07:31:04.989734
3627,0.1,Bio Stress Detected - Trade Adjusted,2026-05-11 07:31:05.003952
3628,0.1,Bio Stress Detected - Trade Adjusted,2026-05-11 07:31:05.018380
3629,0.5,Bio Stress Detected - Trade Adjusted,2026-05-11 07:31:05.032756
3632,0.5,Bio Stress Detected - Trade Adjusted,2026-05-11 07:31:05.047019
3633,0.5,Bio Stress Detected - Trade Adjusted,2026-05-11 07:31:05.061224
3639,0.5,Bio Stress Detected - Trade Adjusted,2026-05-11 07:31:05.076395
3643,0.1,Bio Stress Detected - Trade Adjusted,2026-05-11 07:31:05.091850
3644,0.5,Bio Stress Detected - Trade Adjusted,2026-05-11 07:31:05.107509
3645,0.1,Bio Stress Detected - Trade Adjusted,2026-05-11 07:31:05.123871
3649,0.5,Bio Stress Detected - Trade Adjusted,2026-05-11 07:31:05.140583
3650,0.5,Bio Stress Detected - Trade Adjusted,2026-05-11 07:31:05.154819
3657,0.1,Bio Stress Detected - Trade Adjusted,2026-05-11 07:31:05.171060
3659,0.1,Bio Stress Detected - Trade Adjusted,2026-05-11 07:31:05.186035
3660,0.5,Bio Stress Detected - Trade Adjusted,2026-05-11 07:31:05.201099
3663,0.1,Bio Stress Detected - Trade Adjusted,2026-05-11 07:31:05.215588
3665,0.5,Bio Stress Detected - Trade Adjusted,2026-05-11 07:31:05.232090
3666,0.1,Bio Stress Detected - Trade Adjusted,2026-05-11 07:31:05.247793
3667,0.5,Bio Stress Detected - Trade Adjusted,2026-05-11 07:31:05.262019
3668,0.5,Bio Stress Detected - Trade Adjusted,2026-05-11 07:31:05.276438
3670,0.1,Bio Stress Detected - Trade Adjusted,2026-05-11 07:31:05.290861
3674,0.5,Bio Stress Detected - Trade Adjusted,2026-05-11 07:31:05.305833
3678,0.5,Bio Stress Detected - Trade Adjusted,2026-05-11 07:31:05.320440
3682,0.5,Bio Stress Detected - Trade Adjusted,2026-05-11 07:31:05.335637
3683,0.1,Bio Stress Detected - Trade Adjusted,2026-05-11 07:31:05.351227
3686,0.1,Bio Stress Detected - Trade Adjusted,2026-05-11 07:31:05.367365
3688,0.5,Bio Stress Detected - Trade Adjusted,2026-05-11 07:31:05.381656
3691,0.1,Bio Stress Detected - Trade Adjusted,2026-05-11 07:31:05.396041
3692,0.1,Bio Stress Detected - Trade Adjusted,2026-05-11 07:31:05.410733
3693,0.1,Bio Stress Detected - Trade Adjusted,2026-05-11 07:31:05.426349
3695,0.1,Bio Stress Detected - Trade Adjusted,2026-05-11 07:31:05.441095
3696,0.5,Bio Stress Detected - Trade Adjusted,2026-05-11 07:31:05.457702
3702,0.1,Bio Stress Detected - Trade Adjusted,2026-05-11 07:31:05.473232
3706,0.5,Bio Stress Detected - Trade Adjusted,2026-05-11 07:31:05.490617
3707,0.1,Bio Stress Detected - Trade Adjusted,2026-05-11 07:31:05.505127
3709,0.5,Bio Stress Detected - Trade Adjusted,2026-05-11 07:31:05.520489
3710,0.5,Bio Stress Detected - Trade Adjusted,2026-05-11 07:31:05.536052
3711,0.5,Bio Stress Detected - Trade Adjusted,2026-05-11 07:31:05.551293
3713,0.1,Bio Stress Detected - Trade Adjusted,2026-05-11 07:31:05.567100
3714,0.5,Bio Stress Detected - Trade Adjusted,2026-05-11 07:31:05.581943
3715,0.1,Bio Stress Detected - Trade Adjusted,2026-05-11 07:31:05.596373
3718,0.1,Bio Stress Detected - Trade Adjusted,2026-05-11 07:31:05.612035
3721,0.5,Bio Stress Detected - Trade Adjusted,2026-05-11 07:31:05.627047
3722,0.1,Bio Stress Detected - Trade Adjusted,2026-05-11 07:31:05.641379
3723,0.5,Bio Stress Detected - Trade Adjusted,2026-05-11 07:31:05.656528
3725,0.1,Bio Stress Detected - Trade Adjusted,2026-05-11 07:31:05.671584
3728,0.5,Bio Stress Detected - Trade Adjusted,2026-05-11 07:31:05.686554
3733,0.5,Bio Stress Detected - Trade Adjusted,2026-05-11 07:31:05.702364
3735,0.1,Bio Stress Detected - Trade Adjusted,2026-05-11 07:31:05.717121
3738,0.5,Bio Stress Detected - Trade Adjusted,2026-05-11 07:31:05.732454
3739,0.5,Bio Stress Detected - Trade Adjusted,2026-05-11 07:31:05.747622
3745,0.1,Bio Stress Detected - Trade Adjusted,2026-05-11 07:31:05.762853
3756,0.5,Bio Stress Detected - Trade Adjusted,2026-05-11 07:31:05.778403
3760,0.5,Bio Stress Detected - Trade Adjusted,2026-05-11 07:31:05.793082
3767,0.5,Bio Stress Detected - Trade Adjusted,2026-05-11 07:31:05.807827
3768,0.1,Bio Stress Detected - Trade Adjusted,2026-05-11 07:31:05.825781
3769,0.1,Bio Stress Detected - Trade Adjusted,2026-05-11 07:31:05.841227
3770,0.5,Bio Stress Detected - Trade Adjusted,2026-05-11 07:31:05.856381
3776,0.5,Bio Stress Detected - Trade Adjusted,2026-05-11 07:31:05.873862
3777,0.1,Bio Stress Detected - Trade Adjusted,2026-05-11 07:31:05.888245
3778,0.1,Bio Stress Detected - Trade Adjusted,2026-05-11 07:31:05.903214
3779,0.5,Bio Stress Detected - Trade Adjusted,2026-05-11 07:31:05.918511
3783,0.1,Bio Stress Detected - Trade Adjusted,2026-05-11 07:31:05.934775
3785,0.1,Bio Stress Detected - Trade Adjusted,2026-05-11 07:31:05.949018
3789,0.5,Bio Stress Detected - Trade Adjusted,2026-05-11 07:31:05.964432
3791,0.1,Bio Stress Detected - Trade Adjusted,2026-05-11 07:31:05.980019
3792,0.1,Bio Stress Detected - Trade Adjusted,2026-05-11 07:31:05.995351
3793,0.5,Bio Stress Detected - Trade Adjusted,2026-05-11 07:31:06.011380
3796,0.5,Bio Stress Detected - Trade Adjusted,2026-05-11 07:31:06.027411
3797,0.1,Bio Stress Detected - Trade Adjusted,2026-05-11 07:31:06.043281
3800,0.5,Bio Stress Detected - Trade Adjusted,2026-05-11 07:31:06.058046
3804,0.1,Bio Stress Detected - Trade Adjusted,2026-05-11 07:31:06.073112
3806,0.5,Bio Stress Detected - Trade Adjusted,2026-05-11 07:31:06.088587
3808,0.1,Bio Stress Detected - Trade Adjusted,2026-05-11 07:31:06.103845
3809,0.5,Bio Stress Detected - Trade Adjusted,2026-05-11 07:31:06.119333
3810,0.5,Bio Stress Detected - Trade Adjusted,2026-05-11 07:31:06.136058
3812,0.5,Bio Stress Detected - Trade Adjusted,2026-05-11 07:31:06.150079
3813,0.5,Bio Stress Detected - Trade Adjusted,2026-05-11 07:31:06.166131
3815,0.5,Bio Stress Detected - Trade Adjusted,2026-05-11 07:31:06.181014
3816,0.1,Bio Stress Detected - Trade Adjusted,2026-05-11 07:31:06.196132
3819,0.1,Bio Stress Detected - Trade Adjusted,2026-05-11 07:31:06.210704
3820,0.5,Bio Stress Detected - Trade Adjusted,2026-05-11 07:31:06.226702
3821,0.5,Bio Stress Detected - Trade Adjusted,2026-05-11 07:31:06.242698
3824,0.5,Bio Stress Detected - Trade Adjusted,2026-05-11 07:31:06.258116
3825,0.1,Bio Stress Detected - Trade Adjusted,2026-05-11 07:31:06.273217
3826,0.5,Bio Stress Detected - Trade Adjusted,2026-05-11 07:31:06.288532
3828,0.5,Bio Stress Detected - Trade Adjusted,2026-05-11 07:31:06.303458
3829,0.5,Bio Stress Detected - Trade Adjusted,2026-05-11 07:31:06.318045
3831,0.1,Bio Stress Detected - Trade Adjusted,2026-05-11 07:31:06.333369
3833,0.5,Bio Stress Detected - Trade Adjusted,2026-05-11 07:31:06.348544
3834,0.1,Bio Stress Detected - Trade Adjusted,2026-05-11 07:31:06.363638
3839,0.5,Bio Stress Detected - Trade Adjusted,2026-05-11 07:31:06.379747
3840,0.5,Bio Stress Detected - Trade Adjusted,2026-05-11 07:31:06.394574
3841,0.5,Bio Stress Detected - Trade Adjusted,2026-05-11 07:31:06.410141
3842,0.1,Bio Stress Detected - Trade Adjusted,2026-05-11 07:31:06.425857
3850,0.5,Bio Stress Detected - Trade Adjusted,2026-05-11 07:31:06.441874
3854,0.1,Bio Stress Detected - Trade Adjusted,2026-05-11 07:31:06.457086
3856,0.5,Bio Stress Detected - Trade Adjusted,2026-05-11 07:31:06.471656
3857,0.1,Bio Stress Detected - Trade Adjusted,2026-05-11 07:31:06.485677
3859,0.5,Bio Stress Detected - Trade Adjusted,2026-05-11 07:31:06.499530
3860,0.1,Bio Stress Detected - Trade Adjusted,2026-05-11 07:31:06.513751
3862,0.1,Bio Stress Detected - Trade Adjusted,2026-05-11 07:31:06.529208
3877,0.5,Bio Stress Detected - Trade Adjusted,2026-05-11 07:31:06.544075
3878,0.5,Bio Stress Detected - Trade Adjusted,2026-05-11 07:31:06.559384
3880,0.5,Bio Stress Detected - Trade Adjusted,2026-05-11 07:31:06.574464
3881,0.1,Bio Stress Detected - Trade Adjusted,2026-05-11 07:31:06.589449
3882,0.5,Bio Stress Detected - Trade Adjusted,2026-05-11 07:31:06.604009
3886,0.1,Bio Stress Detected - Trade Adjusted,2026-05-11 07:31:06.618872
3889,0.5,Bio Stress Detected - Trade Adjusted,2026-05-11 07:31:06.633368
3893,0.1,Bio Stress Detected - Trade Adjusted,2026-05-11 07:31:06.647624
3896,0.1,Bio Stress Detected - Trade Adjusted,2026-05-11 07:31:06.662784
3897,0.1,Bio Stress Detected - Trade Adjusted,2026-05-11 07:31:06.679177
3900,0.1,Bio Stress Detected - Trade Adjusted,2026-05-11 07:31:06.694281
3901,0.5,Bio Stress Detected - Trade Adjusted,2026-05-11 07:31:06.710576
3902,0.5,Bio Stress Detected - Trade Adjusted,2026-05-11 07:31:06.727026
3903,0.5,Bio Stress Detected - Trade Adjusted,2026-05-11 07:31:06.742599
3907,0.5,Bio Stress Detected - Trade Adjusted,2026-05-11 07:31:06.757682
3911,0.1,Bio Stress Detected - Trade Adjusted,2026-05-11 07:31:06.774035
3912,0.5,Bio Stress Detected - Trade Adjusted,2026-05-11 07:31:06.788849
3913,0.5,Bio Stress Detected - Trade Adjusted,2026-05-11 07:31:06.804091
3914,0.5,Bio Stress Detected - Trade Adjusted,2026-05-11 07:31:06.819203
3917,0.5,Bio Stress Detected - Trade Adjusted,2026-05-11 07:31:06.834771
3919,0.1,Bio Stress Detected - Trade Adjusted,2026-05-11 07:31:06.855166
3922,0.5,Bio Stress Detected - Trade Adjusted,2026-05-11 07:31:06.875276
3925,0.5,Bio Stress Detected - Trade Adjusted,2026-05-11 07:31:06.895712
3930,0.5,Bio Stress Detected - Trade Adjusted,2026-05-11 07:31:06.913760
3932,0.1,Bio Stress Detected - Trade Adjusted,2026-05-11 07:31:06.929890
3935,0.5,Bio Stress Detected - Trade Adjusted,2026-05-11 07:31:06.947536
3937,0.5,Bio Stress Detected - Trade Adjusted,2026-05-11 07:31:06.962242
3938,0.5,Bio Stress Detected - Trade Adjusted,2026-05-11 07:31:06.978182
3943,0.5,Bio Stress Detected - Trade Adjusted,2026-05-11 07:31:06.993363
3945,0.5,Bio Stress Detected - Trade Adjusted,2026-05-11 07:31:07.008395
3948,0.1,Bio Stress Detected - Trade Adjusted,2026-05-11 07:31:07.023228
3950,0.5,Bio Stress Detected - Trade Adjusted,2026-05-11 07:31:07.039433
3952,0.5,Bio Stress Detected - Trade Adjusted,2026-05-11 07:31:07.054744
3953,0.1,Bio Stress Detected - Trade Adjusted,2026-05-11 07:31:07.070190
3954,0.5,Bio Stress Detected - Trade Adjusted,2026-05-11 07:31:07.085794
3955,0.5,Bio Stress Detected - Trade Adjusted,2026-05-11 07:31:07.101554
3956,0.5,Bio Stress Detected - Trade Adjusted,2026-05-11 07:31:07.116882
3958,0.5,Bio Stress Detected - Trade Adjusted,2026-05-11 07:31:07.133608
3960,0.1,Bio Stress Detected - Trade Adjusted,2026-05-11 07:31:07.149750
3963,0.1,Bio Stress Detected - Trade Adjusted,2026-05-11 07:31:07.165619
3964,0.1,Bio Stress Detected - Trade Adjusted,2026-05-11 07:31:07.181033
3965,0.5,Bio Stress Detected - Trade Adjusted,2026-05-11 07:31:07.196071
3968,0.1,Bio Stress Detected - Trade Adjusted,2026-05-11 07:31:07.211581
3969,0.5,Bio Stress Detected - Trade Adjusted,2026-05-11 07:31:07.227859
3970,0.5,Bio Stress Detected - Trade Adjusted,2026-05-11 07:31:07.243443
3974,0.1,Bio Stress Detected - Trade Adjusted,2026-05-11 07:31:07.258444
3977,0.5,Bio Stress Detected - Trade Adjusted,2026-05-11 07:31:07.274396
3978,0.5,Bio Stress Detected - Trade Adjusted,2026-05-11 07:31:07.289356
3980,0.5,Bio Stress Detected - Trade Adjusted,2026-05-11 07:31:07.304893
3982,0.5,Bio Stress Detected - Trade Adjusted,2026-05-11 07:31:07.320528
3985,0.5,Bio Stress Detected - Trade Adjusted,2026-05-11 07:31:07.336929
3986,0.5,Bio Stress Detected - Trade Adjusted,2026-05-11 07:31:07.352872
3987,0.5,Bio Stress Detected - Trade Adjusted,2026-05-11 07:31:07.368755
3988,0.1,Bio Stress Detected - Trade Adjusted,2026-05-11 07:31:07.384014
3989,0.5,Bio Stress Detected - Trade Adjusted,2026-05-11 07:31:07.399522
3991,0.1,Bio Stress Detected - Trade Adjusted,2026-05-11 07:31:07.414428
3993,0.1,Bio Stress Detected - Trade Adjusted,2026-05-11 07:31:07.429573
3994,0.5,Bio Stress Detected - Trade Adjusted,2026-05-11 07:31:07.444067
3995,0.5,Bio Stress Detected - Trade Adjusted,2026-05-11 07:31:07.459043
3997,0.5,Bio Stress Detected - Trade Adjusted,2026-05-11 07:31:07.473476
3999,0.5,Bio Stress Detected - Trade Adjusted,2026-05-11 07:31:07.488671
4003,0.5,Bio Stress Detected - Trade Adjusted,2026-05-11 07:31:07.504203
4006,0.5,Bio Stress Detected - Trade Adjusted,2026-05-11 07:31:07.519498
4008,0.5,Bio Stress Detected - Trade Adjusted,2026-05-11 07:31:07.534440
4010,0.1,Bio Stress Detected - Trade Adjusted,2026-05-11 07:31:07.549451
4012,0.5,Bio Stress Detected - Trade Adjusted,2026-05-11 07:31:07.565579
4013,0.5,Bio Stress Detected - Trade Adjusted,2026-05-11 07:31:07.580267
4014,0.5,Bio Stress Detected - Trade Adjusted,2026-05-11 07:31:07.595074
4015,0.1,Bio Stress Detected - Trade Adjusted,2026-05-11 07:31:07.610619
4019,0.5,Bio Stress Detected - Trade Adjusted,2026-05-11 07:31:07.627196
4023,0.5,Bio Stress Detected - Trade Adjusted,2026-05-11 07:31:07.643595
4026,0.1,Bio Stress Detected - Trade Adjusted,2026-05-11 07:31:07.660059
4028,0.1,Bio Stress Detected - Trade Adjusted,2026-05-11 07:31:07.675770
4033,0.1,Bio Stress Detected - Trade Adjusted,2026-05-11 07:31:07.691159
4034,0.1,Bio Stress Detected - Trade Adjusted,2026-05-11 07:31:07.706148
4036,0.1,Bio Stress Detected - Trade Adjusted,2026-05-11 07:31:07.721359
4038,0.5,Bio Stress Detected - Trade Adjusted,2026-05-11 07:31:07.736202
4039,0.5,Bio Stress Detected - Trade Adjusted,2026-05-11 07:31:07.750271
4041,0.5,Bio Stress Detected - Trade Adjusted,2026-05-11 07:31:07.764663
4044,0.5,Bio Stress Detected - Trade Adjusted,2026-05-11 07:31:07.778936
4045,0.1,Bio Stress Detected - Trade Adjusted,2026-05-11 07:31:07.793050
4050,0.5,Bio Stress Detected - Trade Adjusted,2026-05-11 07:31:07.807983
4051,0.1,Bio Stress Detected - Trade Adjusted,2026-05-11 07:31:07.823119
4052,0.5,Bio Stress Detected - Trade Adjusted,2026-05-11 07:31:07.838699
4053,0.5,Bio Stress Detected - Trade Adjusted,2026-05-11 07:31:07.853756
4054,0.5,Bio Stress Detected - Trade Adjusted,2026-05-11 07:31:07.868364
4055,0.5,Bio Stress Detected - Trade Adjusted,2026-05-11 07:31:07.883155
4056,0.1,Bio Stress Detected - Trade Adjusted,2026-05-11 07:31:07.900590
4057,0.5,Bio Stress Detected - Trade Adjusted,2026-05-11 07:31:07.915676
4058,0.5,Bio Stress Detected - Trade Adjusted,2026-05-11 07:31:07.932309
4060,0.1,Bio Stress Detected - Trade Adjusted,2026-05-11 07:31:07.948022
4062,0.1,Bio Stress Detected - Trade Adjusted,2026-05-11 07:31:07.963509
4065,0.5,Bio Stress Detected - Trade Adjusted,2026-05-11 07:31:07.978406
4066,0.1,Bio Stress Detected - Trade Adjusted,2026-05-11 07:31:07.993624
4070,0.5,Bio Stress Detected - Trade Adjusted,2026-05-11 07:31:08.008580
4073,0.5,Bio Stress Detected - Trade Adjusted,2026-05-11 07:31:08.024004
4074,0.5,Bio Stress Detected - Trade Adjusted,2026-05-11 07:31:08.041103
4075,0.1,Bio Stress Detected - Trade Adjusted,2026-05-11 07:31:08.056271
4076,0.5,Bio Stress Detected - Trade Adjusted,2026-05-11 07:31:08.070933
4078,0.1,Bio Stress Detected - Trade Adjusted,2026-05-11 07:31:08.086736
4080,0.5,Bio Stress Detected - Trade Adjusted,2026-05-11 07:31:08.101601
4083,0.1,Bio Stress Detected - Trade Adjusted,2026-05-11 07:31:08.118274
4087,0.5,Bio Stress Detected - Trade Adjusted,2026-05-11 07:31:08.134269
4088,0.1,Bio Stress Detected - Trade Adjusted,2026-05-11 07:31:08.150293
4093,0.5,Bio Stress Detected - Trade Adjusted,2026-05-11 07:31:08.165161
4095,0.5,Bio Stress Detected - Trade Adjusted,2026-05-11 07:31:08.180354
4097,0.5,Bio Stress Detected - Trade Adjusted,2026-05-11 07:31:08.195719
4101,0.1,Bio Stress Detected - Trade Adjusted,2026-05-11 07:31:08.210212
4102,0.5,Bio Stress Detected - Trade Adjusted,2026-05-11 07:31:08.224587
4103,0.1,Bio Stress Detected - Trade Adjusted,2026-05-11 07:31:08.238665
4106,0.5,Bio Stress Detected - Trade Adjusted,2026-05-11 07:31:08.252850
4107,0.1,Bio Stress Detected - Trade Adjusted,2026-05-11 07:31:08.267298
4108,0.1,Bio Stress Detected - Trade Adjusted,2026-05-11 07:31:08.281910
4111,0.1,Bio Stress Detected - Trade Adjusted,2026-05-11 07:31:08.297526
4114,0.1,Bio Stress Detected - Trade Adjusted,2026-05-11 07:31:08.312576
4116,0.5,Bio Stress Detected - Trade Adjusted,2026-05-11 07:31:08.327861
4117,0.1,Bio Stress Detected - Trade Adjusted,2026-05-11 07:31:08.342422
4118,0.1,Bio Stress Detected - Trade Adjusted,2026-05-11 07:31:08.356513
4120,0.1,Bio Stress Detected - Trade Adjusted,2026-05-11 07:31:08.371075
4123,0.5,Bio Stress Detected - Trade Adjusted,2026-05-11 07:31:08.385458
4124,0.5,Bio Stress Detected - Trade Adjusted,2026-05-11 07:31:08.401582
4125,0.5,Bio Stress Detected - Trade Adjusted,2026-05-11 07:31:08.416388
4129,0.5,Bio Stress Detected - Trade Adjusted,2026-05-11 07:31:08.432137
4132,0.1,Bio Stress Detected - Trade Adjusted,2026-05-11 07:31:08.446986
4134,0.5,Bio Stress Detected - Trade Adjusted,2026-05-11 07:31:08.463394
4135,0.5,Bio Stress Detected - Trade Adjusted,2026-05-11 07:31:08.485124
4136,0.5,Bio Stress Detected - Trade Adjusted,2026-05-11 07:31:08.501275
4140,0.5,Bio Stress Detected - Trade Adjusted,2026-05-11 07:31:08.516230
4141,0.5,Bio Stress Detected - Trade Adjusted,2026-05-11 07:31:08.532641
4142,0.1,Bio Stress Detected - Trade Adjusted,2026-05-11 07:31:08.546818
4146,0.1,Bio Stress Detected - Trade Adjusted,2026-05-11 07:31:08.562245
4148,0.1,Bio Stress Detected - Trade Adjusted,2026-05-11 07:31:08.577915
