Date,BTC_Rolling_Vol_30d,market_panic
2014-10-17,0.7479227850561515,True
2014-10-18,0.7124196801188752,True
2014-10-19,0.6693071000671618,True
2014-10-20,0.6592765062337046,True
2014-10-21,0.6549994998871504,True
2014-10-22,0.6547894133198614,True
2014-10-23,0.6164851353253067,True
2014-10-24,0.6111718695054161,True
2014-10-25,0.6128675260763169,True
2014-10-26,0.6180316011301226,True
2014-10-27,0.6173250937493759,True
2014-10-28,0.5900607174896811,False
2014-10-29,0.6264353790819289,True
2014-10-30,0.6253597842419808,True
2014-10-31,0.6279181994308073,True
2014-11-01,0.6355774263822488,True
2014-11-02,0.6212377534557205,True
2014-11-03,0.5455549037000504,False
2014-11-04,0.5383239305952401,False
2014-11-05,0.5366433319839754,False
2014-11-06,0.5420172322732956,False
2014-11-07,0.5179722509815033,False
2014-11-08,0.5038542391629578,False
2014-11-09,0.5355230437626971,False
2014-11-10,0.5365388736691534,False
2014-11-11,0.5125542469664026,False
2014-11-12,0.7325744870337214,True
2014-11-13,0.7284186858629061,True
2014-11-14,0.7527534385063841,True
2014-11-15,0.7696291619450382,True
2014-11-16,0.7771855518102564,True
2014-11-17,0.774212457215039,True
2014-11-18,0.782046347149942,True
2014-11-19,0.7812762493594249,True
2014-11-20,0.8081514743251407,True
2014-11-21,0.8102228923842156,True
2014-11-22,0.7784888895311685,True
2014-11-23,0.7916677090509954,True
2014-11-24,0.7868645620940483,True
2014-11-25,0.7845992946840799,True
2014-11-26,0.7877176073161134,True
2014-11-27,0.7867577795420305,True
2014-11-28,0.7543008359205534,True
2014-11-29,0.7494700059032815,True
2014-11-30,0.7446092567640554,True
2014-12-01,0.7294013581297738,True
2014-12-02,0.7291507457398959,True
2014-12-03,0.7333519802121213,True
2014-12-04,0.7363709388849192,True
2014-12-05,0.7338840054146132,True
2014-12-06,0.7290964334424515,True
2014-12-07,0.7245519470720674,True
2014-12-08,0.7367626723461901,True
2014-12-09,0.7213621345225055,True
2014-12-10,0.7225063712044825,True
2014-12-11,0.723899489208102,True
2014-12-12,0.4706681338617887,False
2014-12-13,0.4716762656303056,False
2014-12-14,0.4419828148722443,False
2014-12-15,0.4061471788085213,False
2014-12-16,0.4235823575169236,False
2014-12-17,0.4273012845813683,False
2014-12-18,0.4237161952657847,False
2014-12-19,0.4281473295928978,False
2014-12-20,0.4084891114960212,False
2014-12-21,0.4136753470791606,False
2014-12-22,0.4327007397272079,False
2014-12-23,0.4054332958340654,False
2014-12-24,0.4080286455519463,False
2014-12-25,0.4085442786698872,False
2014-12-26,0.421372790125696,False
2014-12-27,0.4359546443156072,False
2014-12-28,0.4292231932013791,False
2014-12-29,0.4302067791060704,False
2014-12-30,0.4277804421931386,False
2014-12-31,0.4455519844414562,False
2015-01-01,0.4460879472334849,False
2015-01-02,0.4454562837797571,False
2015-01-03,0.5703862479104486,False
2015-01-04,0.5881571092065939,False
2015-01-05,0.6135143222459617,True
2015-01-06,0.6394745610277456,True
2015-01-07,0.6444888013823001,True
2015-01-08,0.6497402170294184,True
2015-01-09,0.6578213128251891,True
2015-01-10,0.6758531287042836,True
2015-01-11,0.6799204289125225,True
2015-01-12,0.6820494328552748,True
2015-01-13,0.8520287381867471,True
2015-01-14,1.096594803007818,True
2015-01-15,1.2889724802910725,True
2015-01-16,1.2885426910203044,True
2015-01-17,1.2920559142286796,True
2015-01-18,1.3089516952010265,True
2015-01-19,1.3023263224196198,True
2015-01-20,1.3012086939599503,True
2015-01-21,1.3256619235689555,True
2015-01-22,1.3311667310474833,True
2015-01-23,1.327909917170763,True
2015-01-24,1.3517691962274898,True
2015-01-25,1.3505093915350213,True
2015-01-26,1.3765632326578845,True
2015-01-27,1.3815114025315125,True
2015-01-28,1.4323687079552434,True
2015-01-29,1.432477259667726,True
2015-01-30,1.4283614864311984,True
2015-01-31,1.4320689473654309,True
2015-02-01,1.4435426419370854,True
2015-02-02,1.4106335145778723,True
2015-02-03,1.4042767755797163,True
2015-02-04,1.3964052179291362,True
2015-02-05,1.392591229860905,True
2015-02-06,1.3911943651997831,True
2015-02-07,1.3907999481038165,True
2015-02-08,1.3875164610537931,True
2015-02-09,1.37727097547447,True
2015-02-10,1.3734557733167656,True
2015-02-11,1.3728096576944584,True
2015-02-12,1.2581695734481513,True
2015-02-13,1.0129234839808243,True
2015-02-14,0.8688724511080319,True
2015-02-15,0.9290932830010716,True
2015-02-16,0.913851244826753,True
2015-02-17,0.9057269994911388,True
2015-02-18,0.9123777068229098,True
2015-02-19,0.9102093095378024,True
2015-02-20,0.8770863242846769,True
2015-02-21,0.8723381752834884,True
2015-02-22,0.8820375514985395,True
2015-02-23,0.8536499059012156,True
2015-02-24,0.8492693731048492,True
2015-02-25,0.800113484435066,True
2015-02-26,0.7913742424921308,True
2015-02-27,0.7310771892914218,True
2015-02-28,0.7308709357950541,True
2015-03-01,0.7234913560162652,True
2015-03-02,0.7285546280592728,True
2015-03-03,0.7192396121399358,True
2015-03-04,0.7150976018658081,True
2015-03-05,0.6909384214343685,True
2015-03-06,0.693684182555053,True
2015-03-07,0.6702501100163265,True
2015-03-08,0.6700905552569549,True
2015-03-09,0.6884131915601562,True
2015-03-10,0.6811468335878136,True
2015-03-11,0.6757346678511232,True
2015-03-12,0.6772462392958997,True
2015-03-13,0.6908454471848754,True
2015-03-14,0.6948449494871116,True
2015-03-15,0.6688250103093005,True
2015-03-16,0.5938771239427209,False
2015-03-17,0.5003286556222157,False
2015-03-18,0.6282696677437081,True
2015-03-19,0.6154497835472396,True
2015-03-20,0.6040389389664115,False
2015-03-21,0.6032773379927614,False
2015-03-22,0.6096206955652482,True
2015-03-23,0.6102926523890914,True
2015-03-24,0.6626507098961973,True
2015-03-25,0.6615888388975473,True
2015-03-26,0.6620997453579271,True
2015-03-27,0.6622078205105465,True
2015-03-28,0.6659460130719974,True
2015-03-29,0.6308871023911379,True
2015-03-30,0.6350010155246016,True
2015-03-31,0.6306462677580014,True
2015-04-01,0.5936470266870821,False
2015-04-02,0.5943555428185135,False
2015-04-03,0.5865905939703512,False
2015-04-04,0.5846540042553751,False
2015-04-05,0.5923331123686377,False
2015-04-06,0.5935315779746997,False
2015-04-07,0.593796465603112,False
2015-04-08,0.5645178884052647,False
2015-04-09,0.5626979459085927,False
2015-04-10,0.564120589371103,False
2015-04-11,0.5650237577857653,False
2015-04-12,0.5586553463715993,False
2015-04-13,0.5783052967196902,False
2015-04-14,0.5750912098139636,False
2015-04-15,0.5789144049254,False
2015-04-16,0.5867601089303485,False
2015-04-17,0.480975293384642,False
2015-04-18,0.4748094867126629,False
2015-04-19,0.4739684059590955,False
2015-04-20,0.4764937231707689,False
2015-04-21,0.4953755640780943,False
2015-04-22,0.4953769815707879,False
2015-04-23,0.4161063042000218,False
2015-04-24,0.42220489015611,False
2015-04-25,0.4253366080765172,False
2015-04-26,0.4362451530706401,False
2015-04-27,0.4589606677471191,False
2015-04-28,0.4416278081505888,False
2015-04-29,0.4345563000794377,False
2015-04-30,0.4644195880309806,False
2015-05-01,0.4652542566854318,False
2015-05-02,0.4593956978305118,False
2015-05-03,0.467198353618283,False
2015-05-04,0.4673974911219822,False
2015-05-05,0.4568023858764586,False
2015-05-06,0.4608000719348433,False
2015-05-07,0.4770663833511139,False
2015-05-08,0.4746970491101423,False
2015-05-09,0.4752231547217387,False
2015-05-10,0.4623868599657975,False
2015-05-11,0.4629967316168026,False
2015-05-12,0.4632845586372827,False
2015-05-13,0.4338363661106291,False
2015-05-14,0.423476523946207,False
2015-05-15,0.4181941690748589,False
2015-05-16,0.4134315980239962,False
2015-05-17,0.4024733897802302,False
2015-05-18,0.4072086485743457,False
2015-05-19,0.4075121345930855,False
2015-05-20,0.4074724922596728,False
2015-05-21,0.3729816243595452,False
2015-05-22,0.3796396599400163,False
2015-05-23,0.3791021654616289,False
2015-05-24,0.371213670264916,False
2015-05-25,0.3676820152060872,False
2015-05-26,0.3486606651839511,False
2015-05-27,0.3137106071142824,False
2015-05-28,0.3082250882485073,False
2015-05-29,0.3083394175169695,False
2015-05-30,0.2701338844168893,False
2015-05-31,0.2675146617961211,False
2015-06-01,0.2849480656274789,False
2015-06-02,0.2758772261135591,False
2015-06-03,0.2756758863595611,False
2015-06-04,0.273797931586496,False
2015-06-05,0.2585029713472295,False
2015-06-06,0.2291238747609484,False
2015-06-07,0.2062857858843142,False
2015-06-08,0.2272777452655375,False
2015-06-09,0.2271424298667775,False
2015-06-10,0.224678673317316,False
2015-06-11,0.2253699086431393,False
2015-06-12,0.2158360970041084,False
2015-06-13,0.2192205283118029,False
2015-06-14,0.219742499433695,False
2015-06-15,0.2244725575429823,False
2015-06-16,0.3052109658506211,False
2015-06-17,0.3002313688924218,False
2015-06-18,0.2993168139240786,False
2015-06-19,0.3064086065595023,False
2015-06-20,0.3060775204131188,False
2015-06-21,0.2983783866839917,False
2015-06-22,0.3001419176572015,False
2015-06-23,0.3017852156356189,False
2015-06-24,0.3014641739189155,False
2015-06-25,0.303045273036954,False
2015-06-26,0.3031559297410355,False
2015-06-27,0.3199715047729922,False
2015-06-28,0.3216418717566449,False
2015-06-29,0.3321852563693596,False
2015-06-30,0.3334889186903588,False
2015-07-01,0.3170131215924326,False
2015-07-02,0.3214276669088053,False
2015-07-03,0.321124991703221,False
2015-07-04,0.3217742246413744,False
2015-07-05,0.3465912342917843,False
2015-07-06,0.3515268231745101,False
2015-07-07,0.3505030429509135,False
2015-07-08,0.3461248182444518,False
2015-07-09,0.3483080680741598,False
2015-07-10,0.3926235585259319,False
2015-07-11,0.3993143518634924,False
2015-07-12,0.4377453411408021,False
2015-07-13,0.5026968134992895,False
2015-07-14,0.5093842108608722,False
2015-07-15,0.510738448926362,False
2015-07-16,0.4867684903806057,False
2015-07-17,0.4853932139092692,False
2015-07-18,0.4903512583762136,False
2015-07-19,0.4853185114734336,False
2015-07-20,0.4882909056816889,False
2015-07-21,0.4902955947657252,False
2015-07-22,0.4894407553053728,False
2015-07-23,0.4874017532138477,False
2015-07-24,0.5011337157781648,False
2015-07-25,0.5012907888926869,False
2015-07-26,0.5018864556348603,False
2015-07-27,0.4944998981288967,False
2015-07-28,0.4922468192168462,False
2015-07-29,0.4886802842691532,False
2015-07-30,0.4850843116421803,False
2015-07-31,0.4822902605748765,False
2015-08-01,0.4816213792411496,False
2015-08-02,0.4816213556985464,False
2015-08-03,0.4797015331117342,False
2015-08-04,0.4602348680624437,False
2015-08-05,0.4606236123706625,False
2015-08-06,0.4610582887597902,False
2015-08-07,0.4577698243934986,False
2015-08-08,0.5150471982387144,False
2015-08-09,0.4735529928312739,False
2015-08-10,0.4601996554540509,False
2015-08-11,0.4102267654046281,False
2015-08-12,0.359384868776984,False
2015-08-13,0.357041852879422,False
2015-08-14,0.3581345990366325,False
2015-08-15,0.3502457880488439,False
2015-08-16,0.3509486447816929,False
2015-08-17,0.347333251818182,False
2015-08-18,0.7172373966171793,True
2015-08-19,0.7667356777084029,True
2015-08-20,0.7817826318561327,True
2015-08-21,0.7814333535257982,True
2015-08-22,0.7815786751051301,True
2015-08-23,0.7610181705295177,True
2015-08-24,0.7989156364514682,True
2015-08-25,0.8244345567369622,True
2015-08-26,0.829047931320543,True
2015-08-27,0.8282717999617564,True
2015-08-28,0.8378034606208812,True
2015-08-29,0.8378055446493031,True
2015-08-30,0.837693564112458,True
2015-08-31,0.8385441727995698,True
2015-09-01,0.837912146394256,True
2015-09-02,0.8388195586291842,True
2015-09-03,0.8357715930074343,True
2015-09-04,0.8384995876640706,True
2015-09-05,0.8431113514121577,True
2015-09-06,0.8472426323119457,True
2015-09-07,0.8167928437460245,True
2015-09-08,0.8167985922909609,True
2015-09-09,0.8199170939587553,True
2015-09-10,0.8151460808992622,True
2015-09-11,0.8147665814186786,True
2015-09-12,0.8168904824717709,True
2015-09-13,0.8183654143652102,True
2015-09-14,0.8173759695299152,True
2015-09-15,0.8168280052147936,True
2015-09-16,0.8168636530149352,True
2015-09-17,0.5010425538786727,False
2015-09-18,0.4334999587778231,False
2015-09-19,0.412929073158536,False
2015-09-20,0.4108651391828937,False
2015-09-21,0.4143572996043765,False
2015-09-22,0.4164869402139867,False
2015-09-23,0.3072756547333543,False
2015-09-24,0.2565455396329713,False
2015-09-25,0.2490751925351865,False
2015-09-26,0.2487174459357563,False
2015-09-27,0.228661751128462,False
2015-09-28,0.2457994655363725,False
2015-09-29,0.2483732650355875,False
2015-09-30,0.2481934477082812,False
2015-10-01,0.2465176975432156,False
2015-10-02,0.2463025671895703,False
2015-10-03,0.2439325893057896,False
2015-10-04,0.240347057857401,False
2015-10-05,0.2318929759013822,False
2015-10-06,0.2354500850771969,False
2015-10-07,0.2401131333404345,False
2015-10-08,0.2339837486070456,False
2015-10-09,0.2208295028206479,False
2015-10-10,0.2211225851540096,False
2015-10-11,0.2218022599950875,False
2015-10-12,0.2102719773929428,False
2015-10-13,0.2022344890159907,False
2015-10-14,0.203632277719248,False
2015-10-15,0.2040958463594824,False
2015-10-16,0.2271530767931897,False
2015-10-17,0.2430629836777438,False
2015-10-18,0.2761071881226676,False
2015-10-19,0.2737174358363831,False
2015-10-20,0.2802973287943613,False
2015-10-21,0.2748038231542295,False
2015-10-22,0.2849730142494052,False
2015-10-23,0.2839250632468763,False
2015-10-24,0.284043376440131,False
2015-10-25,0.2837603091152602,False
2015-10-26,0.2815702857663545,False
2015-10-27,0.288349690501741,False
2015-10-28,0.2981013289326488,False
2015-10-29,0.3000415170373453,False
2015-10-30,0.3210803347646718,False
2015-10-31,0.3710451093983264,False
2015-11-01,0.3799954862553916,False
2015-11-02,0.5130402170143155,False
2015-11-03,0.621825841867175,True
2015-11-04,0.6209502351725508,True
2015-11-05,0.6800276516776179,True
2015-11-06,0.692405137947344,True
2015-11-07,0.6917408788276251,True
2015-11-08,0.7130310416647001,True
2015-11-09,0.7120483697366821,True
2015-11-10,0.8436095629850425,True
2015-11-11,0.895703532398837,True
2015-11-12,0.9359361814076846,True
2015-11-13,0.9374889170357008,True
2015-11-14,0.9407079506288428,True
2015-11-15,0.9515284369473502,True
2015-11-16,0.9526136597902006,True
2015-11-17,0.9410639039937784,True
2015-11-18,0.9418057519093576,True
2015-11-19,0.9479242370121556,True
2015-11-20,0.9481376247929204,True
2015-11-21,0.9453964461355758,True
2015-11-22,0.9466904027251078,True
2015-11-23,0.9464174607973784,True
2015-11-24,0.9478482451178494,True
2015-11-25,0.9504880699409556,True
2015-11-26,0.9771524907510886,True
2015-11-27,0.9718279501738036,True
2015-11-28,0.9684343416709368,True
2015-11-29,0.9654909852189472,True
2015-11-30,0.9506448401730052,True
2015-12-01,0.9583640023590472,True
2015-12-02,0.8809130968687768,True
2015-12-03,0.7755225455211583,True
2015-12-04,0.7717661469387624,True
2015-12-05,0.7845992476744758,True
2015-12-06,0.7762112666892811,True
2015-12-07,0.7707283038699556,True
2015-12-08,0.7781119486480839,True
2015-12-09,0.776461934069048,True
2015-12-10,0.6504956911750565,True
2015-12-11,0.6355957475254139,True
2015-12-12,0.6006321666380019,False
2015-12-13,0.6002985743679244,False
2015-12-14,0.5978977671178604,False
2015-12-15,0.5853099341242924,False
2015-12-16,0.5932245566465936,False
2015-12-17,0.5939307834828788,False
2015-12-18,0.5925643740780345,False
2015-12-19,0.5801545203976736,False
2015-12-20,0.6049833633343022,False
2015-12-21,0.608867799495483,True
2015-12-22,0.6079862958125648,False
2015-12-23,0.605630049011587,False
2015-12-24,0.6040123809797254,False
2015-12-25,0.6032034306215748,False
2015-12-26,0.6468372908308495,True
2015-12-27,0.6465386184146238,True
2015-12-28,0.6464548983662328,True
2015-12-29,0.6394792521062309,True
2015-12-30,0.6421475434719802,True
2015-12-31,0.622343979430599,True
2016-01-01,0.6199051468629106,True
2016-01-02,0.6206663290177876,True
2016-01-03,0.6227323666475494,True
2016-01-04,0.5772968533063728,False
2016-01-05,0.5775594201252927,False
2016-01-06,0.5766068329203613,False
2016-01-07,0.5966684747807404,False
2016-01-08,0.5987079028347816,False
2016-01-09,0.6005392690497284,False
2016-01-10,0.5167674364844987,False
2016-01-11,0.4986900313500924,False
2016-01-12,0.5092517280396018,False
2016-01-13,0.5027611101230233,False
2016-01-14,0.4718694540897556,False
2016-01-15,0.7053053734373966,True
2016-01-16,0.7464175867606335,True
2016-01-17,0.7430460112482814,True
2016-01-18,0.7457626688256822,True
2016-01-19,0.7351726787690448,True
2016-01-20,0.8284032578875149,True
2016-01-21,0.832268005192532,True
2016-01-22,0.8620054556936546,True
2016-01-23,0.8564121226701014,True
2016-01-24,0.870102288340331,True
2016-01-25,0.8249733407889929,True
2016-01-26,0.8233754138861404,True
2016-01-27,0.823943938820614,True
2016-01-28,0.8273497958257938,True
2016-01-29,0.8263472730914916,True
2016-01-30,0.8251711368179493,True
2016-01-31,0.8273482929866255,True
2016-02-01,0.8292339772827472,True
2016-02-02,0.8295463367363342,True
2016-02-03,0.8290935339131741,True
2016-02-04,0.852954510888057,True
2016-02-05,0.853039030853473,True
2016-02-06,0.8181589054825154,True
2016-02-07,0.8182068013643646,True
2016-02-08,0.8178865617738977,True
2016-02-09,0.8187155231234784,True
2016-02-10,0.8214238417857748,True
2016-02-11,0.8168777995159177,True
2016-02-12,0.818579964660017,True
2016-02-13,0.822381108963454,True
2016-02-14,0.6283786552839931,True
2016-02-15,0.5945074790969692,False
2016-02-16,0.5947149721068171,False
2016-02-17,0.597447377380847,False
2016-02-18,0.593838794593056,False
2016-02-19,0.4677948369220054,False
2016-02-20,0.4781679583850132,False
2016-02-21,0.405777936436777,False
2016-02-22,0.405398203601069,False
2016-02-23,0.41130649361274,False
2016-02-24,0.3980539355555303,False
2016-02-25,0.3982380268547565,False
2016-02-26,0.4014532235890903,False
2016-02-27,0.3742934382315568,False
2016-02-28,0.3736254652282694,False
2016-02-29,0.3729237057107598,False
2016-03-01,0.3591484987432257,False
2016-03-02,0.3745465503815772,False
2016-03-03,0.3761577085757178,False
2016-03-04,0.3861669806777598,False
2016-03-05,0.3554980433051366,False
2016-03-06,0.3586419423130928,False
2016-03-07,0.3473526480109305,False
2016-03-08,0.3474975090856775,False
2016-03-09,0.344948764720217,False
2016-03-10,0.3448148410025888,False
2016-03-11,0.3434365247523244,False
2016-03-12,0.3553410292738562,False
2016-03-13,0.3539586508490986,False
2016-03-14,0.3487658279912334,False
2016-03-15,0.3221518514933414,False
2016-03-16,0.3153996933626954,False
2016-03-17,0.3107308649249078,False
2016-03-18,0.3159550724872221,False
2016-03-19,0.3115067386594943,False
2016-03-20,0.3128332281892478,False
2016-03-21,0.2787538286642698,False
2016-03-22,0.282019374861409,False
2016-03-23,0.282040912450727,False
2016-03-24,0.2479455413050259,False
2016-03-25,0.2453038572233707,False
2016-03-26,0.2454371453736007,False
2016-03-27,0.2486640753746615,False
2016-03-28,0.2493829288106967,False
2016-03-29,0.2565620538734791,False
2016-03-30,0.2536656207011628,False
2016-03-31,0.2541300479813258,False
2016-04-01,0.2389164979147165,False
2016-04-02,0.2395212614664734,False
2016-04-03,0.2212810803591689,False
2016-04-04,0.2002521110828923,False
2016-04-05,0.19244758663308,False
2016-04-06,0.1849971098608773,False
2016-04-07,0.1850954882313769,False
2016-04-08,0.1863535064029773,False
2016-04-09,0.1856938404889891,False
2016-04-10,0.1825638063129751,False
2016-04-11,0.1609668630506671,False
2016-04-12,0.1611629217618845,False
2016-04-13,0.1608858573394795,False
2016-04-14,0.1608995655266239,False
2016-04-15,0.1664024245367152,False
2016-04-16,0.1641709754140657,False
2016-04-17,0.1355476203387153,False
2016-04-18,0.1356051627673036,False
2016-04-19,0.1432596072602933,False
2016-04-20,0.1485803141236904,False
2016-04-21,0.1554777339071644,False
2016-04-22,0.1596590247748975,False
2016-04-23,0.1604578205726355,False
2016-04-24,0.169524194567885,False
2016-04-25,0.1697806531247718,False
2016-04-26,0.1593115579029391,False
2016-04-27,0.2319453169378483,False
2016-04-28,0.2221368954857963,False
2016-04-29,0.2239965591402664,False
2016-04-30,0.2325773071955482,False
2016-05-01,0.2333440959006658,False
2016-05-02,0.2415840490244987,False
2016-05-03,0.244357503541735,False
2016-05-04,0.2469676919262527,False
2016-05-05,0.2465429100664377,False
2016-05-06,0.2599984752843123,False
2016-05-07,0.2601700176830702,False
2016-05-08,0.2585899340714834,False
2016-05-09,0.2579276844411247,False
2016-05-10,0.2710443468123596,False
2016-05-11,0.2711098471743753,False
2016-05-12,0.2708371651469203,False
2016-05-13,0.2700435652988008,False
2016-05-14,0.2701550756444155,False
2016-05-15,0.2676704267353708,False
2016-05-16,0.2697732078137935,False
2016-05-17,0.2679110394737212,False
2016-05-18,0.2679005137798664,False
2016-05-19,0.2923240474845538,False
2016-05-20,0.2902017114427637,False
2016-05-21,0.2828960425471935,False
2016-05-22,0.2830814465473073,False
2016-05-23,0.2834720403831697,False
2016-05-24,0.2758803074418834,False
2016-05-25,0.2765535531359813,False
2016-05-26,0.2757806609222577,False
2016-05-27,0.2695374157919831,False
2016-05-28,0.4899735483740375,False
2016-05-29,0.4912055429377097,False
2016-05-30,0.4867843184234235,False
2016-05-31,0.488174040455065,False
2016-06-01,0.4820718241786992,False
2016-06-02,0.4818203240922401,False
2016-06-03,0.5114272305440226,False
2016-06-04,0.5110934778710139,False
2016-06-05,0.5074150247052646,False
2016-06-06,0.507343310814015,False
2016-06-07,0.5133304252995718,False
2016-06-08,0.5131541355458176,False
2016-06-09,0.5078111505792164,False
2016-06-10,0.5077252634350601,False
2016-06-11,0.5283003212914938,False
2016-06-12,0.6297005485709162,True
2016-06-13,0.6382080170459351,True
2016-06-14,0.65378766975529,True
2016-06-15,0.6491797644850849,True
2016-06-16,0.7160489505423973,True
2016-06-17,0.7281515421431535,True
2016-06-18,0.7039236584786723,True
2016-06-19,0.703761442599852,True
2016-06-20,0.7260100471506277,True
2016-06-21,0.8229358034387866,True
2016-06-22,0.92444942167206,True
2016-06-23,0.9323866276868372,True
2016-06-24,0.95087304274832,True
2016-06-25,0.9520348710764738,True
2016-06-26,0.9740083331171582,True
2016-06-27,0.8994352771619569,True
2016-06-28,0.9008041789315748,True
2016-06-29,0.9028698474953766,True
2016-06-30,0.9152634809844316,True
2016-07-01,0.9153900352927996,True
2016-07-02,0.9216076171875778,True
2016-07-03,0.939871592961226,True
2016-07-04,0.946438030992304,True
2016-07-05,0.950799197784946,True
2016-07-06,0.9499148528978248,True
2016-07-07,0.9704692445713436,True
2016-07-08,0.9784102192015632,True
2016-07-09,0.9817936074486436,True
2016-07-10,0.9821805971147004,True
2016-07-11,0.96862794645749,True
2016-07-12,0.8954704099873794,True
2016-07-13,0.881152619723337,True
2016-07-14,0.8766625134786351,True
2016-07-15,0.8758629968690161,True
2016-07-16,0.7914849531136517,True
2016-07-17,0.796351272179238,True
2016-07-18,0.795472095882659,True
2016-07-19,0.7941606581673508,True
2016-07-20,0.7865777303894976,True
2016-07-21,0.7111325217288007,True
2016-07-22,0.605359271208082,False
2016-07-23,0.5851533776048409,False
2016-07-24,0.5383505167470816,False
2016-07-25,0.5397309748531876,False
2016-07-26,0.5042307618590973,False
2016-07-27,0.4836782966048918,False
2016-07-28,0.4814378313802618,False
2016-07-29,0.4796239321266617,False
2016-07-30,0.4428668162474908,False
2016-07-31,0.4701250876181924,False
2016-08-01,0.4528676077620253,False
2016-08-02,0.5173077805119256,False
2016-08-03,0.5137665697132269,False
2016-08-04,0.5198549466092283,False
2016-08-05,0.5171993535921267,False
2016-08-06,0.4938579532377111,False
2016-08-07,0.4707636154822966,False
2016-08-08,0.4653399038127126,False
2016-08-09,0.4654234687342797,False
2016-08-10,0.4668192140456546,False
2016-08-11,0.4551566251366848,False
2016-08-12,0.453283934092612,False
2016-08-13,0.4521657527182934,False
2016-08-14,0.4566523416445062,False
2016-08-15,0.4566498729799259,False
2016-08-16,0.4485969973518793,False
2016-08-17,0.4484121524267299,False
2016-08-18,0.4487839523483781,False
2016-08-19,0.4489943279765235,False
2016-08-20,0.4519401118519769,False
2016-08-21,0.4476351543104737,False
2016-08-22,0.4482308530330123,False
2016-08-23,0.4461282072207778,False
2016-08-24,0.4454661255450713,False
2016-08-25,0.4454684331575437,False
2016-08-26,0.445329483314989,False
2016-08-27,0.4472320145837026,False
2016-08-28,0.4482649314242576,False
2016-08-29,0.4485293437497556,False
2016-08-30,0.4228863438000111,False
2016-08-31,0.4114874494363385,False
2016-09-01,0.2263481818425966,False
2016-09-02,0.193456889872011,False
2016-09-03,0.2257483300622668,False
2016-09-04,0.2312347115839224,False
2016-09-05,0.2200609247783,False
2016-09-06,0.2193368111829831,False
2016-09-07,0.2197608517213844,False
2016-09-08,0.2267829315644561,False
2016-09-09,0.2275440253783643,False
2016-09-10,0.2262432893119437,False
2016-09-11,0.247335685090648,False
2016-09-12,0.2468366356074791,False
2016-09-13,0.2265615342745571,False
2016-09-14,0.2247486080941666,False
2016-09-15,0.2194065601570421,False
2016-09-16,0.2171170524759882,False
2016-09-17,0.2174802657529096,False
2016-09-18,0.2180610226635334,False
2016-09-19,0.2160820553348697,False
2016-09-20,0.216211837613302,False
2016-09-21,0.2250758367491286,False
2016-09-22,0.2240529324963026,False
2016-09-23,0.2255756369157891,False
2016-09-24,0.2247924636928988,False
2016-09-25,0.2252210932152577,False
2016-09-26,0.218521779799173,False
2016-09-27,0.2185909699551201,False
2016-09-28,0.2190368340929877,False
2016-09-29,0.2185321961009985,False
2016-09-30,0.2183887555875779,False
2016-10-01,0.2173292659753639,False
2016-10-02,0.2185152468556422,False
2016-10-03,0.1720723420243035,False
2016-10-04,0.1617212125110698,False
2016-10-05,0.1617054124114474,False
2016-10-06,0.1602760424179959,False
2016-10-07,0.1602547348778912,False
2016-10-08,0.145453889513284,False
2016-10-09,0.144811155170089,False
2016-10-10,0.1453952323181201,False
2016-10-11,0.1634574337281923,False
2016-10-12,0.1667406921971715,False
2016-10-13,0.1667532904280002,False
2016-10-14,0.1673545109326281,False
2016-10-15,0.1659817138021087,False
2016-10-16,0.1661253998045304,False
2016-10-17,0.1668746756476194,False
2016-10-18,0.1665167479079623,False
2016-10-19,0.1725943222140167,False
2016-10-20,0.1723413256741004,False
2016-10-21,0.1572109256666581,False
2016-10-22,0.2020934374562183,False
2016-10-23,0.2005363629733888,False
2016-10-24,0.2021586862193043,False
2016-10-25,0.2013399382346828,False
2016-10-26,0.2225959540434144,False
2016-10-27,0.2244256149792507,False
2016-10-28,0.2233101097369458,False
2016-10-29,0.248582320001642,False
2016-10-30,0.2614164169563224,False
2016-10-31,0.2621314468489581,False
2016-11-01,0.2890177506504369,False
2016-11-02,0.2903283644193906,False
2016-11-03,0.3944243406250394,False
2016-11-04,0.3987698600397558,False
2016-11-05,0.3988470209967319,False
2016-11-06,0.3994893541357754,False
2016-11-07,0.4037266524983395,False
2016-11-08,0.4029688131820821,False
2016-11-09,0.4058713190385746,False
2016-11-10,0.3944479576729022,False
2016-11-11,0.3924069557973667,False
2016-11-12,0.3984723623995882,False
2016-11-13,0.3993404564214397,False
2016-11-14,0.3987647599790259,False
2016-11-15,0.39927069117675,False
2016-11-16,0.4242674594421676,False
2016-11-17,0.4248657440761123,False
2016-11-18,0.4215053686456351,False
2016-11-19,0.4215909681680337,False
2016-11-20,0.4374372061331443,False
2016-11-21,0.4210914805545195,False
2016-11-22,0.4228720933614519,False
2016-11-23,0.4242414531544899,False
2016-11-24,0.4257427753469379,False
2016-11-25,0.4142158804005144,False
2016-11-26,0.4139834689440816,False
2016-11-27,0.4147001109677177,False
2016-11-28,0.396640200485145,False
2016-11-29,0.3908361337778767,False
2016-11-30,0.3928574030867611,False
2016-12-01,0.3702047147354312,False
2016-12-02,0.3788163802709551,False
2016-12-03,0.2787791496103123,False
2016-12-04,0.2717623831258852,False
2016-12-05,0.2831476379511001,False
2016-12-06,0.2818553352199113,False
2016-12-07,0.2772037677070639,False
2016-12-08,0.2762191355730741,False
2016-12-09,0.2700719031117409,False
2016-12-10,0.2659661507354521,False
2016-12-11,0.2678161465801932,False
2016-12-12,0.2619991094394797,False
2016-12-13,0.2607297990185758,False
2016-12-14,0.260856865497915,False
2016-12-15,0.2613789207645303,False
2016-12-16,0.2125840984150228,False
2016-12-17,0.2122842541680575,False
2016-12-18,0.2078989430860497,False
2016-12-19,0.2078353275264623,False
2016-12-20,0.1809670506797923,False
2016-12-21,0.2242664423313287,False
2016-12-22,0.2475035205024536,False
2016-12-23,0.323057315387563,False
2016-12-24,0.3395251413265505,False
2016-12-25,0.3407805835955943,False
2016-12-26,0.3370943674393254,False
2016-12-27,0.3420569465159307,False
2016-12-28,0.3659118788559199,False
2016-12-29,0.3667416520871733,False
2016-12-30,0.3743894566827157,False
2016-12-31,0.374283377922604,False
2017-01-01,0.3804884284464048,False
2017-01-02,0.3786694837947693,False
2017-01-03,0.38026639848086,False
2017-01-04,0.4927594125763573,False
2017-01-05,0.686086775254697,True
2017-01-06,0.8034276601393148,True
2017-01-07,0.8033694381244632,True
2017-01-08,0.8033520818132223,True
2017-01-09,0.8050905815716314,True
2017-01-10,0.8038646759466036,True
2017-01-11,0.9574399324032647,True
2017-01-12,0.964594067558218,True
2017-01-13,0.9674810466363148,True
2017-01-14,0.9677510918601014,True
2017-01-15,0.9675378842110384,True
2017-01-16,0.967918049071806,True
2017-01-17,1.0161915171756717,True
2017-01-18,1.021369882985604,True
2017-01-19,1.0216904408505076,True
2017-01-20,1.013645835246258,True
2017-01-21,1.0113160517351083,True
2017-01-22,0.9855392700631922,True
2017-01-23,0.9811160313471782,True
2017-01-24,0.987704162470216,True
2017-01-25,0.9873372495672086,True
2017-01-26,0.9844108955293835,True
2017-01-27,0.9709837280119012,True
2017-01-28,0.971004515183437,True
2017-01-29,0.9700569199741472,True
2017-01-30,0.9700144559579054,True
2017-01-31,0.9807468981065014,True
2017-02-01,0.9795927978153824,True
2017-02-02,0.9799924356503972,True
2017-02-03,0.9053930037095724,True
2017-02-04,0.7965783832420633,True
2017-02-05,0.6911455348101389,True
2017-02-06,0.6913802828279113,True
2017-02-07,0.6939177616877042,True
2017-02-08,0.6920082651859409,True
2017-02-09,0.7347046193494005,True
2017-02-10,0.5111790332799994,False
2017-02-11,0.5030692571370649,False
2017-02-12,0.5016033245739357,False
2017-02-13,0.5022473947203719,False
2017-02-14,0.5027948556658903,False
2017-02-15,0.5026864422233037,False
2017-02-16,0.4017935037054024,False
2017-02-17,0.3916631712782799,False
2017-02-18,0.3906030392893468,False
2017-02-19,0.3912011588151797,False
2017-02-20,0.3917917679088067,False
2017-02-21,0.4029626518528442,False
2017-02-22,0.4015644634556118,False
2017-02-23,0.398610079261631,False
2017-02-24,0.3987557613659946,False
2017-02-25,0.4149834735608167,False
2017-02-26,0.4162884054492894,False
2017-02-27,0.4159698726403121,False
2017-02-28,0.4153040515820922,False
2017-03-01,0.4251180731240407,False
2017-03-02,0.3969936740430005,False
2017-03-03,0.3969872364670992,False
2017-03-04,0.4022564152435243,False
2017-03-05,0.4005703558316697,False
2017-03-06,0.4001761702330068,False
2017-03-07,0.4243782814098152,False
2017-03-08,0.4825922184995224,False
2017-03-09,0.489502478551739,False
2017-03-10,0.538762180997197,False
2017-03-11,0.5110488347614306,False
2017-03-12,0.5216798706159904,False
2017-03-13,0.520798632606563,False
2017-03-14,0.5188750431835487,False
2017-03-15,0.5156022978325605,False
2017-03-16,0.552672279237594,False
2017-03-17,0.6187858706638479,True
2017-03-18,0.7404129899008081,True
2017-03-19,0.7725694031391854,True
2017-03-20,0.7742870751988492,True
2017-03-21,0.8033773231395107,True
2017-03-22,0.8296750821098747,True
2017-03-23,0.8218096820389518,True
2017-03-24,0.8869885949350853,True
2017-03-25,0.8827661126131922,True
2017-03-26,0.8818872455145613,True
2017-03-27,0.9292204714594304,True
2017-03-28,0.926371901886432,True
2017-03-29,0.9248772894184368,True
2017-03-30,0.9254528354992996,True
2017-03-31,0.930256614817302,True
2017-04-01,0.926304649198246,True
2017-04-02,0.9265855588827592,True
2017-04-03,0.9366049551422906,True
2017-04-04,0.9360071138197896,True
2017-04-05,0.935806370858528,True
2017-04-06,0.9452244302885217,True
2017-04-07,0.9202692035181468,True
2017-04-08,0.9132174765510912,True
2017-04-09,0.8865094503695201,True
2017-04-10,0.8681307658027425,True
2017-04-11,0.8591753358219575,True
2017-04-12,0.8588012077406074,True
2017-04-13,0.8631975363719905,True
2017-04-14,0.8626273916227055,True
2017-04-15,0.8450187476088484,True
2017-04-16,0.8016526476065672,True
2017-04-17,0.6788408468808013,True
2017-04-18,0.6475548276638101,True
2017-04-19,0.646716161326082,True
2017-04-20,0.6137636159690897,True
2017-04-21,0.5651195759520636,False
2017-04-22,0.5623526209271434,False
2017-04-23,0.4331018157703402,False
2017-04-24,0.4314442694484134,False
2017-04-25,0.4282376702828724,False
2017-04-26,0.3395633294935012,False
2017-04-27,0.3471368758127572,False
2017-04-28,0.3445892886805025,False
2017-04-29,0.3365080445046898,False
2017-04-30,0.3140297601434096,False
2017-05-01,0.3540808322889963,False
2017-05-02,0.3548674676379853,False
2017-05-03,0.3450525142440487,False
2017-05-04,0.3475263795458634,False
2017-05-05,0.3415072305361429,False
2017-05-06,0.3092994413024714,False
2017-05-07,0.304746140139171,False
2017-05-08,0.3853379351218099,False
2017-05-09,0.3856691008374118,False
2017-05-10,0.3826832936871369,False
2017-05-11,0.3892849914101015,False
2017-05-12,0.4794226723539704,False
2017-05-13,0.4732441247506629,False
2017-05-14,0.4718066565698849,False
2017-05-15,0.5069635849221921,False
2017-05-16,0.5097497157520549,False
2017-05-17,0.5352930321694561,False
2017-05-18,0.5369446882347877,False
2017-05-19,0.5487200183379107,False
2017-05-20,0.5597114865118564,False
2017-05-21,0.5702585725505906,False
2017-05-22,0.5920692674386951,False
2017-05-23,0.597343239463799,False
2017-05-24,0.6052536009688129,False
2017-05-25,0.6656185326054243,True
2017-05-26,0.703143436682165,True
2017-05-27,0.7732803413861855,True
2017-05-28,0.784377614803861,True
2017-05-29,0.7891563528181443,True
2017-05-30,0.8115593025288368,True
2017-05-31,0.8095000599195341,True
2017-06-01,0.8192239319480823,True
2017-06-02,0.8206181170808464,True
2017-06-03,0.8194601187241108,True
2017-06-04,0.8218746464502118,True
2017-06-05,0.8420759551362521,True
2017-06-06,0.8571763157220599,True
2017-06-07,0.8604287792064415,True
2017-06-08,0.8611738101692398,True
2017-06-09,0.8618958533239994,True
2017-06-10,0.8650270423577796,True
2017-06-11,0.8122130594223721,True
2017-06-12,0.9065732561443112,True
2017-06-13,0.9058925787527432,True
2017-06-14,0.9438671070848818,True
2017-06-15,0.9482125422631016,True
2017-06-16,0.933421852659068,True
2017-06-17,0.9439852979600956,True
2017-06-18,0.9502915649425184,True
2017-06-19,0.9400781914663936,True
2017-06-20,0.9453073270855766,True
2017-06-21,0.9279534359689257,True
2017-06-22,0.9028885508782772,True
2017-06-23,0.887586786048455,True
2017-06-24,0.8816806950307915,True
2017-06-25,0.8647076718658946,True
2017-06-26,0.8342296578573525,True
2017-06-27,0.8189075653465515,True
2017-06-28,0.8063435467403123,True
2017-06-29,0.795985506747239,True
2017-06-30,0.7851461638210508,True
2017-07-01,0.7678337492708562,True
2017-07-02,0.7658554027080521,True
2017-07-03,0.7689871349700281,True
2017-07-04,0.7702803669317588,True
2017-07-05,0.7305181681470435,True
2017-07-06,0.6908439601527516,True
2017-07-07,0.6830047073552994,True
2017-07-08,0.6801292209963452,True
2017-07-09,0.6822882460249702,True
2017-07-10,0.6863146782634237,True
2017-07-11,0.6858777571390554,True
2017-07-12,0.60584186870214,False
2017-07-13,0.6011331432401175,False
2017-07-14,0.5685116501032161,False
2017-07-15,0.6690276129482631,True
2017-07-16,0.6679935856260912,True
2017-07-17,0.8524439588274696,True
2017-07-18,0.8567262177994767,True
2017-07-19,0.8561519825767266,True
2017-07-20,1.1926716166632445,True
2017-07-21,1.2076978101679163,True
2017-07-22,1.221130948771758,True
2017-07-23,1.2252283194409057,True
2017-07-24,1.211327549268526,True
2017-07-25,1.2341959786891572,True
2017-07-26,1.2259734557574544,True
2017-07-27,1.2367976836156818,True
2017-07-28,1.2479949977656368,True
2017-07-29,1.2521066045215206,True
2017-07-30,1.2483915925186315,True
2017-07-31,1.2518734255023864,True
2017-08-01,1.2675518581608536,True
2017-08-02,1.2660602885203454,True
2017-08-03,1.270139960248298,True
2017-08-04,1.2737508748977446,True
2017-08-05,1.3381216483399347,True
2017-08-06,1.3310809025415369,True
2017-08-07,1.3383281677512038,True
2017-08-08,1.3333552522344747,True
2017-08-09,1.3154759030254994,True
2017-08-10,1.3115500165794365,True
2017-08-11,1.3306676801470771,True
2017-08-12,1.3351726519518416,True
2017-08-13,1.3131676538977264,True
2017-08-14,1.2361711500412815,True
2017-08-15,1.2352705419382477,True
2017-08-16,1.1502940823126782,True
2017-08-17,1.1549454411600557,True
2017-08-18,1.166143571417648,True
2017-08-19,0.8633823086538173,True
2017-08-20,0.8411320298081361,True
2017-08-21,0.8387165481411347,True
2017-08-22,0.8262909015591662,True
2017-08-23,0.8260845461930002,True
2017-08-24,0.7804000546967287,True
2017-08-25,0.7701462863864136,True
2017-08-26,0.7623957477388752,True
2017-08-27,0.7529833882292224,True
2017-08-28,0.7376832758623039,True
2017-08-29,0.7438538247665565,True
2017-08-30,0.7415788977246842,True
2017-08-31,0.6972635958984862,True
2017-09-01,0.6963908586321581,True
2017-09-02,0.7538294982853023,True
2017-09-03,0.7538139690014084,True
2017-09-04,0.7163975504693617,True
2017-09-05,0.7166243866125002,True
2017-09-06,0.715968907775982,True
2017-09-07,0.7168673564301106,True
2017-09-08,0.7768247836133433,True
2017-09-09,0.7774164714608384,True
2017-09-10,0.7410258405032463,True
2017-09-11,0.7097996690729265,True
2017-09-12,0.6911634094808345,True
2017-09-13,0.6871636825591276,True
2017-09-14,0.9375453481588748,True
2017-09-15,1.078478222678581,True
2017-09-16,1.0782858307528276,True
2017-09-17,1.0712049016076868,True
2017-09-18,1.174252170737592,True
2017-09-19,1.177265297831407,True
2017-09-20,1.1748902987555585,True
2017-09-21,1.1974086700331923,True
2017-09-22,1.1962897146398952,True
2017-09-23,1.1964957465154051,True
2017-09-24,1.199265983914904,True
2017-09-25,1.2237165208735743,True
2017-09-26,1.2235753552529218,True
2017-09-27,1.2559178568988727,True
2017-09-28,1.2459389876819449,True
2017-09-29,1.2459350696821048,True
2017-09-30,1.2503911169809492,True
2017-10-01,1.2431528927551314,True
2017-10-02,1.222454797744639,True
2017-10-03,1.22476931162207,True
2017-10-04,1.196651063592982,True
2017-10-05,1.1939448612378702,True
2017-10-06,1.1813667505448733,True
2017-10-07,1.1821896462737622,True
2017-10-08,1.1528992597514944,True
2017-10-09,1.1575370969071284,True
2017-10-10,1.1524970110083117,True
2017-10-11,1.1524972013033643,True
2017-10-12,1.2266777283322028,True
2017-10-13,1.202033487473205,True
2017-10-14,0.9568638197047435,True
2017-10-15,0.8455414689967042,True
2017-10-16,0.8431533556975073,True
2017-10-17,0.8476599866370229,True
2017-10-18,0.7332914596400381,True
2017-10-19,0.714934065110326,True
2017-10-20,0.7249804694944871,True
2017-10-21,0.6580164501608152,True
2017-10-22,0.6594146030453173,True
2017-10-23,0.660245290155842,True
2017-10-24,0.7060087979046427,True
2017-10-25,0.6878453408190937,True
2017-10-26,0.6846641679308717,True
2017-10-27,0.6541610348471402,True
2017-10-28,0.6537207082264889,True
2017-10-29,0.6822922188262542,True
2017-10-30,0.6769658603803476,True
2017-10-31,0.693331440296103,True
2017-11-01,0.7010181681229888,True
2017-11-02,0.696746673513586,True
2017-11-03,0.6833732243905378,True
2017-11-04,0.6834175027126764,True
2017-11-05,0.6847237184911444,True
2017-11-06,0.7272249915442823,True
2017-11-07,0.7215122094518792,True
2017-11-08,0.7253190997325326,True
2017-11-09,0.751903204438397,True
2017-11-10,0.8118509970488824,True
2017-11-11,0.7121450858448818,True
2017-11-12,0.7432442407897796,True
2017-11-13,0.8152342094350317,True
2017-11-14,0.8077011812506291,True
2017-11-15,0.874929535498111,True
2017-11-16,0.8979328065459528,True
2017-11-17,0.9039247991716056,True
2017-11-18,0.9033166103096296,True
2017-11-19,0.8939412462030629,True
2017-11-20,0.8941412924508252,True
2017-11-21,0.8976539658859334,True
2017-11-22,0.8942834158534793,True
2017-11-23,0.8581181159965215,True
2017-11-24,0.8539824609656294,True
2017-11-25,0.8719873494361147,True
2017-11-26,0.8772961515870966,True
2017-11-27,0.8819445542556588,True
2017-11-28,0.8631587229172942,True
2017-11-29,0.8684316929667615,True
2017-11-30,0.8601007746419909,True
2017-12-01,0.8763177233662245,True
2017-12-02,0.8705311598424594,True
2017-12-03,0.8707891195810241,True
2017-12-04,0.8716346581326423,True
2017-12-05,0.8706523519476391,True
2017-12-06,1.0441143755317266,True
2017-12-07,1.3097588429006646,True
2017-12-08,1.361439449104425,True
2017-12-09,1.3962515033082163,True
2017-12-10,1.3482318956844517,True
2017-12-11,1.3420101107584643,True
2017-12-12,1.2936057174954712,True
2017-12-13,1.3145263951363848,True
2017-12-14,1.314986387343981,True
2017-12-15,1.297844640722234,True
2017-12-16,1.3114482786013426,True
2017-12-17,1.3102530214463588,True
2017-12-18,1.3134672998428925,True
2017-12-19,1.3612410264311745,True
2017-12-20,1.399989256573563,True
2017-12-21,1.4175149943609529,True
2017-12-22,1.5109051199125512,True
2017-12-23,1.5084217074430777,True
2017-12-24,1.5312875043092988,True
2017-12-25,1.52337690620258,True
2017-12-26,1.582593842480611,True
2017-12-27,1.583857563344567,True
2017-12-28,1.6193394436420745,True
2017-12-29,1.6157196632930413,True
2017-12-30,1.6788246183624336,True
2017-12-31,1.68967821925984,True
2018-01-01,1.697740231638402,True
2018-01-02,1.7239861947859731,True
2018-01-03,1.722988540541521,True
2018-01-04,1.7233200315144976,True
2018-01-05,1.6330229788972377,True
2018-01-06,1.3789987111894124,True
2018-01-07,1.3698526614642277,True
2018-01-08,1.3662880625228844,True
2018-01-09,1.3721246531115887,True
2018-01-10,1.332091794029585,True
2018-01-11,1.3744151195746823,True
2018-01-12,1.3716861264571234,True
2018-01-13,1.3750636933168798,True
2018-01-14,1.3567166747682535,True
2018-01-15,1.30137780060377,True
2018-01-16,1.4151857686647633,True
2018-01-17,1.4150159939506668,True
2018-01-18,1.4075401443914883,True
2018-01-19,1.3965208909480802,True
2018-01-20,1.4498726040207384,True
2018-01-21,1.4269233673495183,True
2018-01-22,1.4187645245771916,True
2018-01-23,1.4092423776834786,True
2018-01-24,1.4197580776972798,True
2018-01-25,1.3093674708920793,True
2018-01-26,1.3091545619086036,True
2018-01-27,1.2901228284491777,True
2018-01-28,1.2959185777119555,True
2018-01-29,1.2401622148392688,True
2018-01-30,1.2409947351882196,True
2018-01-31,1.2392687820409043,True
2018-02-01,1.2229873629970651,True
2018-02-02,1.2209506749970314,True
2018-02-03,1.22729347276267,True
2018-02-04,1.1619880751121008,True
2018-02-05,1.2510192738734671,True
2018-02-06,1.3405147172098435,True
2018-02-07,1.32468672167127,True
2018-02-08,1.3721704284527598,True
2018-02-09,1.388391779215472,True
2018-02-10,1.3502831853495847,True
2018-02-11,1.3440514226300175,True
2018-02-12,1.3940723887054474,True
2018-02-13,1.3930941850376044,True
2018-02-14,1.4511608504786535,True
2018-02-15,1.3582863087617982,True
2018-02-16,1.3556082075198022,True
2018-02-17,1.3861710731654635,True
2018-02-18,1.3973566205742534,True
2018-02-19,1.3588177823081398,True
2018-02-20,1.312429295986178,True
2018-02-21,1.315330865028223,True
2018-02-22,1.335034219710676,True
2018-02-23,1.3294398406449472,True
2018-02-24,1.3391075124541258,True
2018-02-25,1.339737397712338,True
2018-02-26,1.362325743478371,True
2018-02-27,1.3636756334018731,True
2018-02-28,1.3600524201167952,True
2018-03-01,1.317653524592368,True
2018-03-02,1.31771913358003,True
2018-03-03,1.2626483120565009,True
2018-03-04,1.251756913892967,True
2018-03-05,1.2477858712244274,True
2018-03-06,1.2198117288650618,True
2018-03-07,1.1013109972100523,True
2018-03-08,1.065284856262087,True
2018-03-09,1.0627214585064026,True
2018-03-10,1.044986091705564,True
2018-03-11,1.062981108206682,True
2018-03-12,1.0721756369623938,True
2018-03-13,1.0498076605500766,True
2018-03-14,1.0582360302389129,True
2018-03-15,1.0504376444148786,True
2018-03-16,0.9815534716021383,True
2018-03-17,0.957676690675364,True
2018-03-18,0.9699402234794396,True
2018-03-19,0.9342038128082948,True
2018-03-20,0.9308166734465892,True
2018-03-21,0.8981179791250343,True
2018-03-22,0.8960392162406989,True
2018-03-23,0.8777349998328441,True
2018-03-24,0.8546058169244334,True
2018-03-25,0.8476743174755613,True
2018-03-26,0.8404741891929925,True
2018-03-27,0.8518925639332596,True
2018-03-28,0.8076730109362419,True
2018-03-29,0.8525536524142173,True
2018-03-30,0.855096053797614,True
2018-03-31,0.8268038977738178,True
2018-04-01,0.8214069614843255,True
2018-04-02,0.8203372307791902,True
2018-04-03,0.8519370839804598,True
2018-04-04,0.8805911012597675,True
2018-04-05,0.8606261477084997,True
2018-04-06,0.8330240902947338,True
2018-04-07,0.8374208485524229,True
2018-04-08,0.8420978101097893,True
2018-04-09,0.8344744462609444,True
2018-04-10,0.774436802955707,True
2018-04-11,0.7741228295607987,True
2018-04-12,0.916450653114628,True
2018-04-13,0.8475524494916826,True
2018-04-14,0.8484713756691102,True
2018-04-15,0.8617169473481348,True
2018-04-16,0.8503551895946004,True
2018-04-17,0.8424921636393722,True
2018-04-18,0.8321402668418749,True
2018-04-19,0.825628576265921,True
2018-04-20,0.8590468779536307,True
2018-04-21,0.8551015788687035,True
2018-04-22,0.8541624952632272,True
2018-04-23,0.8508048229371181,True
2018-04-24,0.8954126956592616,True
2018-04-25,0.9438140283516604,True
2018-04-26,0.9393102076221876,True
2018-04-27,0.9482292488508364,True
2018-04-28,0.8769956253224623,True
2018-04-29,0.8596102668639072,True
2018-04-30,0.8661116080453787,True
2018-05-01,0.8640462466248908,True
2018-05-02,0.8596096255737832,True
2018-05-03,0.861175053189155,True
2018-05-04,0.7988869299029658,True
2018-05-05,0.7961196825233129,True
2018-05-06,0.7931811310697142,True
2018-05-07,0.7999898623106699,True
2018-05-08,0.8047365230635691,True
2018-05-09,0.7874615298310058,True
2018-05-10,0.8007850771199063,True
2018-05-11,0.8434012281992426,True
2018-05-12,0.7132353601164836,True
2018-05-13,0.7174886187546922,True
2018-05-14,0.7171662439049217,True
2018-05-15,0.7087780680080833,True
2018-05-16,0.7013719537377001,True
2018-05-17,0.7080121239801442,True
2018-05-18,0.7018951347198936,True
2018-05-19,0.6998057663117548,True
2018-05-20,0.6686421838915556,True
2018-05-21,0.6691959694259771,True
2018-05-22,0.6856707662374961,True
2018-05-23,0.7114890630663232,True
2018-05-24,0.6330837710579311,True
2018-05-25,0.563954671638264,False
2018-05-26,0.5297277592064046,False
2018-05-27,0.5231519443555547,False
2018-05-28,0.5024138914465864,False
2018-05-29,0.536327902240978,False
2018-05-30,0.5347205999424505,False
2018-05-31,0.5381740473364816,False
2018-06-01,0.5357614897990692,False
2018-06-02,0.4938862114698993,False
2018-06-03,0.4976716868852077,False
2018-06-04,0.4946801385050514,False
2018-06-05,0.4999414155651775,False
2018-06-06,0.4948371232001465,False
2018-06-07,0.4949813899365343,False
2018-06-08,0.4917790090300419,False
2018-06-09,0.4847794702557,False
2018-06-10,0.5454085542303693,False
2018-06-11,0.5499877698131138,False
2018-06-12,0.554801129278225,False
2018-06-13,0.5614653074094185,False
2018-06-14,0.5982452638443042,False
2018-06-15,0.6039417934666917,False
2018-06-16,0.6021391513502103,False
2018-06-17,0.5948477963685729,False
2018-06-18,0.6137468633934267,True
2018-06-19,0.5994876527375709,False
2018-06-20,0.5999612569430377,False
2018-06-21,0.584034150657824,False
2018-06-22,0.6372178636810728,True
2018-06-23,0.639879400643489,True
2018-06-24,0.6398458605993249,True
2018-06-25,0.6416542126836876,True
2018-06-26,0.64493072714588,True
2018-06-27,0.6404067490946599,True
2018-06-28,0.6249354933226139,True
2018-06-29,0.6596597593588193,True
2018-06-30,0.6684642798289535,True
2018-07-01,0.6673431358033204,True
2018-07-02,0.6794754675680449,True
2018-07-03,0.678124740234425,True
2018-07-04,0.6755058576414271,True
2018-07-05,0.6728338006007413,True
2018-07-06,0.6732068247425372,True
2018-07-07,0.6817285907935766,True
2018-07-08,0.6823305086174982,True
2018-07-09,0.6816038635037445,True
2018-07-10,0.6248216790271888,True
2018-07-11,0.6223815421160301,True
2018-07-12,0.6073994586920589,False
2018-07-13,0.5949266091920843,False
2018-07-14,0.5660036361462916,False
2018-07-15,0.5568278659130689,False
2018-07-16,0.5933570949431799,False
2018-07-17,0.6611862346037131,True
2018-07-18,0.6513314641395632,True
2018-07-19,0.6521494221410521,True
2018-07-20,0.6554393462798431,True
2018-07-21,0.6546546512603586,True
2018-07-22,0.5472470421027819,False
2018-07-23,0.5585436117370679,False
2018-07-24,0.6309268347788815,True
2018-07-25,0.6459384595690042,True
2018-07-26,0.6481821298948383,True
2018-07-27,0.6510143220628325,True
2018-07-28,0.6249384505861167,True
2018-07-29,0.6068892953206498,False
2018-07-30,0.6044675960144131,False
2018-07-31,0.6360325259936093,True
2018-08-01,0.634173085123687,True
2018-08-02,0.6325627066601553,True
2018-08-03,0.6372997886744339,True
2018-08-04,0.6691012858249403,True
2018-08-05,0.6690959113437033,True
2018-08-06,0.666008852525321,True
2018-08-07,0.6725450784445359,True
2018-08-08,0.7116336319739737,True
2018-08-09,0.6934558526324989,True
2018-08-10,0.7236788761597822,True
2018-08-11,0.7203890162062143,True
2018-08-12,0.7204770915775538,True
2018-08-13,0.720458671447034,True
2018-08-14,0.7211776728406091,True
2018-08-15,0.6910842452996712,True
2018-08-16,0.6154802565911582,True
2018-08-17,0.632650234456725,True
2018-08-18,0.6337801761041599,True
2018-08-19,0.6353673761815947,True
2018-08-20,0.6404389571529979,True
2018-08-21,0.6508393410007172,True
2018-08-22,0.633128571929372,True
2018-08-23,0.5377372178530203,False
2018-08-24,0.5468038394592829,False
2018-08-25,0.5426026263340165,False
2018-08-26,0.5303646211543422,False
2018-08-27,0.5415803169286009,False
2018-08-28,0.5554166092257419,False
2018-08-29,0.5554825633895915,False
2018-08-30,0.532447174364429,False
2018-08-31,0.5304384355080662,False
2018-09-01,0.5367899367982659,False
2018-09-02,0.5351626569958584,False
2018-09-03,0.4990313435722167,False
2018-09-04,0.5008266610722155,False
2018-09-05,0.5688437162458301,False
2018-09-06,0.576311463647047,False
2018-09-07,0.5269376765626149,False
2018-09-08,0.5226471792074571,False
2018-09-09,0.4821767841478059,False
2018-09-10,0.47847861235609,False
2018-09-11,0.4783194364050781,False
2018-09-12,0.478316334549631,False
2018-09-13,0.4826437983009214,False
2018-09-14,0.4794213027451468,False
2018-09-15,0.479463318561358,False
2018-09-16,0.4602691947203823,False
2018-09-17,0.47023553301767,False
2018-09-18,0.4708089632936307,False
2018-09-19,0.4584015263327183,False
2018-09-20,0.4522325234821938,False
2018-09-21,0.4613808442834766,False
2018-09-22,0.4541984616472986,False
2018-09-23,0.4435995185681099,False
2018-09-24,0.4470650461116753,False
2018-09-25,0.4529181105598494,False
2018-09-26,0.4431684226756203,False
2018-09-27,0.4407272686044849,False
2018-09-28,0.4404846255070672,False
2018-09-29,0.4398538779585482,False
2018-09-30,0.4387653915227009,False
2018-10-01,0.4303449050091258,False
2018-10-02,0.4275441997851272,False
2018-10-03,0.4278541225561559,False
2018-10-04,0.426617135811402,False
2018-10-05,0.3345453340396346,False
2018-10-06,0.3056290405273777,False
2018-10-07,0.303561324418898,False
2018-10-08,0.2712929507178739,False
2018-10-09,0.2692797498807514,False
2018-10-10,0.2715174098463241,False
2018-10-11,0.3254411503657498,False
2018-10-12,0.3251367206678149,False
2018-10-13,0.3111280613043027,False
2018-10-14,0.3111938041319245,False
2018-10-15,0.3557984496157967,False
2018-10-16,0.3554489495235102,False
2018-10-17,0.3314677167584106,False
2018-10-18,0.3306274402035906,False
2018-10-19,0.3304729299552616,False
2018-10-20,0.3239798145348159,False
2018-10-21,0.3012503149965063,False
2018-10-22,0.3013079215102852,False
2018-10-23,0.3013099001166724,False
2018-10-24,0.2959230205158905,False
2018-10-25,0.2851277133744673,False
2018-10-26,0.2839208546900747,False
2018-10-27,0.2654398203514299,False
2018-10-28,0.2651157968052481,False
2018-10-29,0.2764352365122489,False
2018-10-30,0.2759429382925712,False
2018-10-31,0.275601491659059,False
2018-11-01,0.2777804879178144,False
2018-11-02,0.2766228614859964,False
2018-11-03,0.2735295492091593,False
2018-11-04,0.2723058553632272,False
2018-11-05,0.2733003583478727,False
2018-11-06,0.2742751634883698,False
2018-11-07,0.2757048284349241,False
2018-11-08,0.2784477837573617,False
2018-11-09,0.2792139280114856,False
2018-11-10,0.2161085006553397,False
2018-11-11,0.2159863697695307,False
2018-11-12,0.2173229252694314,False
2018-11-13,0.217475218562519,False
2018-11-14,0.3608941541746988,False
2018-11-15,0.3626333396005031,False
2018-11-16,0.3635473965461262,False
2018-11-17,0.363084008059721,False
2018-11-18,0.3679967633638925,False
2018-11-19,0.5805473935708682,False
2018-11-20,0.6387727184064045,True
2018-11-21,0.6570957300107809,True
2018-11-22,0.6711436940041176,True
2018-11-23,0.6694813512034118,True
2018-11-24,0.7450758754585098,True
2018-11-25,0.7630481178347576,True
2018-11-26,0.7748622941043984,True
2018-11-27,0.7785805397384058,True
2018-11-28,0.9018525708943496,True
2018-11-29,0.9028248093292364,True
2018-11-30,0.9182149005343352,True
2018-12-01,0.9410080478759564,True
2018-12-02,0.9397628151462304,True
2018-12-03,0.9527634065368742,True
2018-12-04,0.9571198837140772,True
2018-12-05,0.962245930353559,True
2018-12-06,0.9713310567039114,True
2018-12-07,0.9660074324880978,True
2018-12-08,0.9740213193066622,True
2018-12-09,0.995156450186644,True
2018-12-10,0.9932142782914912,True
2018-12-11,0.9909211710570288,True
2018-12-12,0.9986341334482376,True
2018-12-13,1.0025051191284469,True
2018-12-14,0.9627764502073242,True
2018-12-15,0.9643482494219592,True
2018-12-16,0.9673406453654744,True
2018-12-17,1.0358992363139927,True
2018-12-18,1.050442679851048,True
2018-12-19,0.957877033805786,True
2018-12-20,0.9900757519937962,True
2018-12-21,1.0006891379475389,True
2018-12-22,0.9927520157200488,True
2018-12-23,0.992734963790566,True
2018-12-24,0.918490180121433,True
2018-12-25,0.9406496571453496,True
2018-12-26,0.9184347446840456,True
2018-12-27,0.9369246554958818,True
2018-12-28,0.883508837693676,True
2018-12-29,0.8872855154001656,True
2018-12-30,0.8630321809002587,True
2018-12-31,0.8507955651753725,True
2019-01-01,0.855315266470692,True
2019-01-02,0.8342145043069207,True
2019-01-03,0.8381628244963066,True
2019-01-04,0.817682168242883,True
2019-01-05,0.7849883321218949,True
2019-01-06,0.7998247320672199,True
2019-01-07,0.8017919709075533,True
2019-01-08,0.7924303123063768,True
2019-01-09,0.7822699745152943,True
2019-01-10,0.843334788402491,True
2019-01-11,0.8416247283495377,True
2019-01-12,0.8210488412490553,True
2019-01-13,0.8247221691007699,True
2019-01-14,0.8355827440055167,True
2019-01-15,0.840411582697318,True
2019-01-16,0.7819543032141419,True
2019-01-17,0.7684372307257988,True
2019-01-18,0.7672986764186284,True
2019-01-19,0.6745792820796873,True
2019-01-20,0.6553997701976044,True
2019-01-21,0.6451252874046762,True
2019-01-22,0.646316088682688,True
2019-01-23,0.641083196941015,True
2019-01-24,0.6027846201957324,False
2019-01-25,0.6011462263246723,False
2019-01-26,0.5726756037094747,False
2019-01-27,0.5073198843299789,False
2019-01-28,0.5107581671371278,False
2019-01-29,0.5080843709251702,False
2019-01-30,0.4998542993827787,False
2019-01-31,0.4891307880430979,False
2019-02-01,0.479781186137813,False
2019-02-02,0.4743686749063551,False
2019-02-03,0.4757760180682936,False
2019-02-04,0.4758209633503853,False
2019-02-05,0.4180243038723152,False
2019-02-06,0.4186955870925202,False
2019-02-07,0.4180355516649264,False
2019-02-08,0.5105125567591416,False
2019-02-09,0.4068347265814261,False
2019-02-10,0.4071497077027857,False
2019-02-11,0.4083770045069425,False
2019-02-12,0.3940740005509706,False
2019-02-13,0.364345132503371,False
2019-02-14,0.3575681466365051,False
2019-02-15,0.3567866680652851,False
2019-02-16,0.3561316858764616,False
2019-02-17,0.3581579622396206,False
2019-02-18,0.4205433027033026,False
2019-02-19,0.4002609396601509,False
2019-02-20,0.4000078870184177,False
2019-02-21,0.4032579111406557,False
2019-02-22,0.403371184083401,False
2019-02-23,0.4169906902976699,False
2019-02-24,0.5118166548639133,False
2019-02-25,0.5150813302704682,False
2019-02-26,0.5155587900312345,False
2019-02-27,0.5006301466401251,False
2019-02-28,0.4993883682649035,False
2019-03-01,0.4988318752977416,False
2019-03-02,0.497091735460295,False
2019-03-03,0.4976553069803534,False
2019-03-04,0.5051869100452389,False
2019-03-05,0.5134321371958285,False
2019-03-06,0.5130989472909135,False
2019-03-07,0.5131077300585486,False
2019-03-08,0.5089432530964871,False
2019-03-09,0.5093117039305001,False
2019-03-10,0.4360392561428727,False
2019-03-11,0.4389432751584884,False
2019-03-12,0.4388431523734531,False
2019-03-13,0.4362815763597453,False
2019-03-14,0.4363147453124687,False
2019-03-15,0.4357996062126368,False
2019-03-16,0.4398957423343326,False
2019-03-17,0.4411299907343214,False
2019-03-18,0.4411614171524285,False
2019-03-19,0.4406437388481028,False
2019-03-20,0.3794073153131733,False
2019-03-21,0.3826130424076411,False
2019-03-22,0.3800084230034131,False
2019-03-23,0.3776800044849706,False
2019-03-24,0.3753765912058461,False
2019-03-25,0.358195546659692,False
2019-03-26,0.2179985848280708,False
2019-03-27,0.2257454415267761,False
2019-03-28,0.2244994250812862,False
2019-03-29,0.2250213001863683,False
2019-03-30,0.2249822098566646,False
2019-03-31,0.2251281747870436,False
2019-04-01,0.2281784227369049,False
2019-04-02,0.6374876281484463,True
2019-04-03,0.6286761924398998,True
2019-04-04,0.6251614738383132,True
2019-04-05,0.6268190306659699,True
2019-04-06,0.6265099020227956,True
2019-04-07,0.628219770373297,True
2019-04-08,0.6284230516738206,True
2019-04-09,0.6334896713358248,True
2019-04-10,0.6302627163262844,True
2019-04-11,0.6632018070903161,True
2019-04-12,0.6624469532258589,True
2019-04-13,0.6628271046258963,True
2019-04-14,0.6630274233751112,True
2019-04-15,0.6688485403211332,True
2019-04-16,0.672524488483388,True
2019-04-17,0.6723537895505382,True
2019-04-18,0.6723561409988664,True
2019-04-19,0.6727355247970678,True
2019-04-20,0.6674917928528259,True
2019-04-21,0.6682243893274051,True
2019-04-22,0.6680715389818837,True
2019-04-23,0.6703650694386436,True
2019-04-24,0.6728114941472281,True
2019-04-25,0.7023260022425886,True
2019-04-26,0.7000988889798313,True
2019-04-27,0.6995837290890031,True
2019-04-28,0.6998702828612638,True
2019-04-29,0.7017690530622891,True
2019-04-30,0.7019673004419861,True
2019-05-01,0.7018625433325978,True
2019-05-02,0.3800791789489346,False
2019-05-03,0.4064566241797057,False
2019-05-04,0.4031093450754812,False
2019-05-05,0.4002383957247691,False
2019-05-06,0.4029371717646961,False
2019-05-07,0.3960511284623953,False
2019-05-08,0.4009422843778149,False
2019-05-09,0.4053153912316488,False
2019-05-10,0.4121473644073747,False
2019-05-11,0.5562155267281735,False
2019-05-12,0.5770764682333258,False
2019-05-13,0.691236924798658,True
2019-05-14,0.6917882357370458,True
2019-05-15,0.6812263037029862,True
2019-05-16,0.7054578323482942,True
2019-05-17,0.7619676607403238,True
2019-05-18,0.7657332607337752,True
2019-05-19,0.864781219796326,True
2019-05-20,0.8768600516488354,True
2019-05-21,0.8762278128080189,True
2019-05-22,0.8934465750499769,True
2019-05-23,0.892111118266555,True
2019-05-24,0.884642814150834,True
2019-05-25,0.857911794495764,True
2019-05-26,0.8842418005539906,True
2019-05-27,0.881424481412443,True
2019-05-28,0.8853550274093653,True
2019-05-29,0.8852792197458639,True
2019-05-30,0.9073299556380842,True
2019-05-31,0.908482129882086,True
2019-06-01,0.9105363003464252,True
2019-06-02,0.903489993345396,True
2019-06-03,0.9416674430463736,True
2019-06-04,0.9743494473839248,True
2019-06-05,0.9719682180799876,True
2019-06-06,0.9727751921809366,True
2019-06-07,0.9732226687982192,True
2019-06-08,0.9731883987657024,True
2019-06-09,0.9806950963280778,True
2019-06-10,0.8859553076981556,True
2019-06-11,0.8774980343395462,True
2019-06-12,0.7774916058646206,True
2019-06-13,0.7744957493866096,True
2019-06-14,0.7932304437752699,True
2019-06-15,0.7799810618307675,True
2019-06-16,0.7347954249131291,True
2019-06-17,0.7386713716342993,True
2019-06-18,0.6119208418231538,True
2019-06-19,0.6044536748779915,False
2019-06-20,0.6085407030511736,False
2019-06-21,0.6218030480572879,True
2019-06-22,0.6391238310592908,True
2019-06-23,0.6391826252478945,True
2019-06-24,0.6392229314608316,True
2019-06-25,0.6314101080181952,True
2019-06-26,0.7100934377425037,True
2019-06-27,0.8893779753190871,True
2019-06-28,0.9529223328478708,True
2019-06-29,0.9507902393709892,True
2019-06-30,1.0211858801729343,True
2019-07-01,1.026272573979406,True
2019-07-02,1.026235773516351,True
2019-07-03,1.0504073659074,True
2019-07-04,1.0515836767556164,True
2019-07-05,1.0587033511546806,True
2019-07-06,1.0579778503705934,True
2019-07-07,1.0570498271911757,True
2019-07-08,1.0730907252770157,True
2019-07-09,1.0582451208337254,True
2019-07-10,1.0696774623266092,True
2019-07-11,1.1037316379573907,True
2019-07-12,1.106632351713846,True
2019-07-13,1.120264039221768,True
2019-07-14,1.1745495115196778,True
2019-07-15,1.1897873165034774,True
2019-07-16,1.283992441281217,True
2019-07-17,1.280597541658188,True
2019-07-18,1.319307850016558,True
2019-07-19,1.3202647748341774,True
2019-07-20,1.3194053344678969,True
2019-07-21,1.3043562917489575,True
2019-07-22,1.2944378096674165,True
2019-07-23,1.302393428590544,True
2019-07-24,1.3015224262573963,True
2019-07-25,1.2760116547361626,True
2019-07-26,1.2156633051202024,True
2019-07-27,1.1234075567163957,True
2019-07-28,1.0477709107972424,True
2019-07-29,1.0426115320689588,True
2019-07-30,0.9923972626907294,True
2019-07-31,1.0063446675785122,True
2019-08-01,1.0097449107848695,True
2019-08-02,0.9341031711492724,True
2019-08-03,0.915269151862756,True
2019-08-04,0.9132401494905318,True
2019-08-05,0.947980245396946,True
2019-08-06,0.9513708088924338,True
2019-08-07,0.9270021031171198,True
2019-08-08,0.9232554087879734,True
2019-08-09,0.9162604499502458,True
2019-08-10,0.8989332402476664,True
2019-08-11,0.8893274978162774,True
2019-08-12,0.8810432360606085,True
2019-08-13,0.8192747613593078,True
2019-08-14,0.8366418138373538,True
2019-08-15,0.7014052116108348,True
2019-08-16,0.6980168541454758,True
2019-08-17,0.6047804440230363,False
2019-08-18,0.6046380126072338,False
2019-08-19,0.6301742610617797,True
2019-08-20,0.6296666432691738,True
2019-08-21,0.6572711680410145,True
2019-08-22,0.6390207375712346,True
2019-08-23,0.64419512753236,True
2019-08-24,0.650000196446556,True
2019-08-25,0.6498160490915057,True
2019-08-26,0.6364023381974374,True
2019-08-27,0.6405138259969737,True
2019-08-28,0.6592693091726395,True
2019-08-29,0.6649446496619379,True
2019-08-30,0.6415684792662407,True
2019-08-31,0.631235218211681,True
2019-09-01,0.6317551651822313,True
2019-09-02,0.6599993719995044,True
2019-09-03,0.6651817416912321,True
2019-09-04,0.6049701123851654,False
2019-09-05,0.598410645643037,False
2019-09-06,0.5814159116475892,False
2019-09-07,0.585285610014816,False
2019-09-08,0.5851594568587258,False
2019-09-09,0.5685280654941882,False
2019-09-10,0.568390835689119,False
2019-09-11,0.5686202109946892,False
2019-09-12,0.557187952655424,False
2019-09-13,0.4847728214808721,False
2019-09-14,0.4766295761987442,False
2019-09-15,0.4762150055837088,False
2019-09-16,0.474275362951809,False
2019-09-17,0.4728601360832129,False
2019-09-18,0.4289992833921115,False
2019-09-19,0.4277950652280473,False
2019-09-20,0.3768698133246365,False
2019-09-21,0.3811001540749468,False
2019-09-22,0.368576548908002,False
2019-09-23,0.3779746361227956,False
2019-09-24,0.5454210512295694,False
2019-09-25,0.5370861653470428,False
2019-09-26,0.5511963337224759,False
2019-09-27,0.5419480734551563,False
2019-09-28,0.5373389268181676,False
2019-09-29,0.5368320234366585,False
2019-09-30,0.5453491193019171,False
2019-10-01,0.5429524207433558,False
2019-10-02,0.4915356982506008,False
2019-10-03,0.4773977850990813,False
2019-10-04,0.4770502137289761,False
2019-10-05,0.4765347592670362,False
2019-10-06,0.4762199821524291,False
2019-10-07,0.4899114876787209,False
2019-10-08,0.4903139853342385,False
2019-10-09,0.5227942940098703,False
2019-10-10,0.5200155738176516,False
2019-10-11,0.525926841453881,False
2019-10-12,0.5163287360659446,False
2019-10-13,0.5165861814334373,False
2019-10-14,0.5181987344035698,False
2019-10-15,0.5198760642452185,False
2019-10-16,0.5215251138661845,False
2019-10-17,0.5238788565952579,False
2019-10-18,0.5246155750741726,False
2019-10-19,0.5232237673990828,False
2019-10-20,0.5390470569925419,False
2019-10-21,0.5389410959980626,False
2019-10-22,0.5395332601243417,False
2019-10-23,0.5754267785190879,False
2019-10-24,0.4304456627714137,False
2019-10-25,0.7030960876752067,True
2019-10-26,0.7205467487373268,True
2019-10-27,0.7262513469753752,True
2019-10-28,0.7371070444488618,True
2019-10-29,0.7343772387082537,True
2019-10-30,0.7384066769846193,True
2019-10-31,0.7385663821798075,True
2019-11-01,0.7385954954211066,True
2019-11-02,0.7351633495826342,True
2019-11-03,0.7358262090179691,True
2019-11-04,0.7363649206991533,True
2019-11-05,0.7321681953454848,True
2019-11-06,0.7260593123740993,True
2019-11-07,0.7275383351241241,True
2019-11-08,0.7368429930678829,True
2019-11-09,0.7367877340713408,True
2019-11-10,0.7325787516937206,True
2019-11-11,0.7434955532468192,True
2019-11-12,0.743479447957582,True
2019-11-13,0.7434421212322071,True
2019-11-14,0.7406928831865395,True
2019-11-15,0.7430226371175055,True
2019-11-16,0.7430161237857932,True
2019-11-17,0.739973340964099,True
2019-11-18,0.749679944162453,True
2019-11-19,0.7447134359373191,True
2019-11-20,0.7487533202233754,True
2019-11-21,0.7641905560204934,True
2019-11-22,0.7409383527285098,True
2019-11-23,0.7425072828441827,True
2019-11-24,0.5080927577212105,False
2019-11-25,0.4397223630922998,False
2019-11-26,0.4192253010410821,False
2019-11-27,0.4494858395019391,False
2019-11-28,0.4402965817417765,False
2019-11-29,0.4661170670613926,False
2019-11-30,0.470567739184684,False
2019-12-01,0.4703192172035436,False
2019-12-02,0.4681395284424936,False
2019-12-03,0.4688068973898056,False
2019-12-04,0.4588753540106046,False
2019-12-05,0.4752503210127688,False
2019-12-06,0.4796066662123667,False
2019-12-07,0.4802784498936807,False
2019-12-08,0.4544569009012797,False
2019-12-09,0.4576737538701492,False
2019-12-10,0.4432865736918172,False
2019-12-11,0.4334059908116968,False
2019-12-12,0.4324039312406889,False
2019-12-13,0.4334015916435028,False
2019-12-14,0.4357331808974865,False
2019-12-15,0.4319599739836896,False
2019-12-16,0.4383001186918133,False
2019-12-17,0.4536385341039234,False
2019-12-18,0.5731783599834885,False
2019-12-19,0.5728157288085796,False
2019-12-20,0.5694921678454115,False
2019-12-21,0.5461331791490333,False
2019-12-22,0.545668345466858,False
2019-12-23,0.5490310550687375,False
2019-12-24,0.5220661760711459,False
2019-12-25,0.5208611933328574,False
2019-12-26,0.520178321764652,False
2019-12-27,0.4973485062835658,False
2019-12-28,0.4966657547456796,False
2019-12-29,0.4781966963184361,False
2019-12-30,0.4743791907078784,False
2019-12-31,0.4720741937819847,False
2020-01-01,0.469752324955736,False
2020-01-02,0.4809220582588874,False
2020-01-03,0.5137078807484715,False
2020-01-04,0.5058621139696584,False
2020-01-05,0.5036540491388555,False
2020-01-06,0.5314137502454918,False
2020-01-07,0.5587327108260065,False
2020-01-08,0.5538393212477101,False
2020-01-09,0.5583096052377347,False
2020-01-10,0.5686000351561307,False
2020-01-11,0.5730138096876071,False
2020-01-12,0.5755164955568314,False
2020-01-13,0.5700901417957487,False
2020-01-14,0.6332006500292479,True
2020-01-15,0.6191826096807245,True
2020-01-16,0.5956071302066132,False
2020-01-17,0.5112906811841634,False
2020-01-18,0.5079118089688579,False
2020-01-19,0.5213821168610386,False
2020-01-20,0.5218593100218917,False
2020-01-21,0.5038176036257951,False
2020-01-22,0.4972039268424134,False
2020-01-23,0.5130464376876135,False
2020-01-24,0.5113942406826183,False
2020-01-25,0.5126712955795052,False
2020-01-26,0.5184665450528512,False
2020-01-27,0.529203066894981,False
2020-01-28,0.5500554657966927,False
2020-01-29,0.544279389335078,False
2020-01-30,0.5397887995445684,False
2020-01-31,0.5468357237912611,False
2020-02-01,0.5288678892717281,False
2020-02-02,0.5099273538904745,False
2020-02-03,0.5121955154164339,False
2020-02-04,0.5162931694942676,False
2020-02-05,0.5151281555743038,False
2020-02-06,0.4913211672446598,False
2020-02-07,0.4877234279972403,False
2020-02-08,0.4742160197040543,False
2020-02-09,0.4673528304484886,False
2020-02-10,0.4747740281802804,False
2020-02-11,0.4834259697008422,False
2020-02-12,0.4810916090861165,False
2020-02-13,0.4001842922295987,False
2020-02-14,0.399555979186812,False
2020-02-15,0.4284892593661076,False
2020-02-16,0.4229207881536332,False
2020-02-17,0.4343441000017056,False
2020-02-18,0.4467536180444693,False
2020-02-19,0.4858324458065934,False
2020-02-20,0.4857864018731419,False
2020-02-21,0.4844265761441467,False
2020-02-22,0.4678602325051301,False
2020-02-23,0.4741612084521749,False
2020-02-24,0.4856797711044273,False
2020-02-25,0.4954024294234185,False
2020-02-26,0.5210948827014745,False
2020-02-27,0.4884761893017471,False
2020-02-28,0.4898998692595488,False
2020-02-29,0.4833849683272953,False
2020-03-01,0.4809150333732011,False
2020-03-02,0.4988801842156861,False
2020-03-03,0.4994496205515054,False
2020-03-04,0.4993231258080432,False
2020-03-05,0.5154583049474777,False
2020-03-06,0.4871264972116304,False
2020-03-07,0.4903903284728101,False
2020-03-08,0.5757995232436899,False
2020-03-09,0.5767838287445115,False
2020-03-10,0.5652759554984135,False
2020-03-11,0.5621280012488856,False
2020-03-12,1.3779445142935351,True
2020-03-13,1.4583314925848443,True
2020-03-14,1.467842453564406,True
2020-03-15,1.4775312851024398,True
2020-03-16,1.4867366461001388,True
2020-03-17,1.4998543519549137,True
2020-03-18,1.501207183952698,True
2020-03-19,1.640543815318902,True
2020-03-20,1.635315852002574,True
2020-03-21,1.6353387495822855,True
2020-03-22,1.6419697277142915,True
2020-03-23,1.688547643964312,True
2020-03-24,1.6964553400119406,True
2020-03-25,1.6950265404821176,True
2020-03-26,1.6932929745631111,True
2020-03-27,1.6875964484742187,True
2020-03-28,1.690677553072343,True
2020-03-29,1.6976988254536174,True
2020-03-30,1.7289876266924875,True
2020-03-31,1.7291295406751477,True
2020-04-01,1.726570710584617,True
2020-04-02,1.7304041742424388,True
2020-04-03,1.7304911132627947,True
2020-04-04,1.7264266880674637,True
2020-04-05,1.7262245473365978,True
2020-04-06,1.7448666658980871,True
2020-04-07,1.7164553957286297,True
2020-04-08,1.7159049582183896,True
2020-04-09,1.7160015895849257,True
2020-04-10,1.729475643571034,True
2020-04-11,1.093179664083621,True
2020-04-12,1.0231162521642403,True
2020-04-13,0.9928343961306008,True
2020-04-14,0.9888372305969468,True
2020-04-15,0.9574139976096232,True
2020-04-16,0.9749055649675182,True
2020-04-17,0.975711559088646,True
2020-04-18,0.7596618896576108,True
2020-04-19,0.7614158659377117,True
2020-04-20,0.7796462127678616,True
2020-04-21,0.7475277252760908,True
2020-04-22,0.6746275282140275,True
2020-04-23,0.6700373216123833,True
2020-04-24,0.6699893445134717,True
2020-04-25,0.6700269058501238,True
2020-04-26,0.6539149440680431,True
2020-04-27,0.6370792485699036,True
2020-04-28,0.6008684485931673,False
2020-04-29,0.6794275644306825,True
2020-04-30,0.6853307385930438,True
2020-05-01,0.6847197543119328,True
2020-05-02,0.6818420017346782,True
2020-05-03,0.6822983845075065,True
2020-05-04,0.6818987152720394,True
2020-05-05,0.677896061286136,True
2020-05-06,0.6458801038242535,True
2020-05-07,0.6791359160629546,True
2020-05-08,0.6824712558906412,True
2020-05-09,0.6920149419433077,True
2020-05-10,0.7322767671338412,True
2020-05-11,0.7373917667298167,True
2020-05-12,0.73881583755076,True
2020-05-13,0.7480556084232203,True
2020-05-14,0.7590814854772253,True
2020-05-15,0.7688411788824824,True
2020-05-16,0.738645976925426,True
2020-05-17,0.7407991770094052,True
2020-05-18,0.7397995789452836,True
2020-05-19,0.7372893004284164,True
2020-05-20,0.7212037239529264,True
2020-05-21,0.7481146261097481,True
2020-05-22,0.7429438638629606,True
2020-05-23,0.7325593681217529,True
2020-05-24,0.754980389727498,True
2020-05-25,0.7553189665811977,True
2020-05-26,0.7562880913180065,True
2020-05-27,0.7647741568244503,True
2020-05-28,0.7722661436454994,True
2020-05-29,0.6411895952174718,True
2020-05-30,0.6430222170421729,True
2020-05-31,0.6467767493523303,True
2020-06-01,0.6930202801871362,True
2020-06-02,0.7304713882387105,True
2020-06-03,0.7313348027344806,True
2020-06-04,0.7320762245249872,True
2020-06-05,0.7283159123628651,True
2020-06-06,0.6810138269328848,True
2020-06-07,0.6810169868055428,True
2020-06-08,0.6747187622361306,True
2020-06-09,0.5943742877115668,False
2020-06-10,0.5891827620691034,False
2020-06-11,0.6216351993396075,True
2020-06-12,0.5971192985896231,False
2020-06-13,0.5705628904996481,False
2020-06-14,0.552026198692082,False
2020-06-15,0.5522194971513448,False
2020-06-16,0.542067375971654,False
2020-06-17,0.5420328315662863,False
2020-06-18,0.5425343321372095,False
2020-06-19,0.5394378378137765,False
2020-06-20,0.5135557371223253,False
2020-06-21,0.5125154348933705,False
2020-06-22,0.5279356557206855,False
2020-06-23,0.4998192752894933,False
2020-06-24,0.513991541128315,False
2020-06-25,0.5133991250502025,False
2020-06-26,0.4971790979307047,False
2020-06-27,0.4803947894906044,False
2020-06-28,0.4814213415140818,False
2020-06-29,0.4709768507228155,False
2020-06-30,0.4638301191450248,False
2020-07-01,0.3782325294465446,False
2020-07-02,0.3130835337625265,False
2020-07-03,0.3086856801526582,False
2020-07-04,0.3037878632895415,False
2020-07-05,0.3013356303783072,False
2020-07-06,0.325427703041971,False
2020-07-07,0.3253250567063164,False
2020-07-08,0.3331214548436816,False
2020-07-09,0.3368497973686252,False
2020-07-10,0.3352690281015164,False
2020-07-11,0.2741130557110207,False
2020-07-12,0.2674497521735506,False
2020-07-13,0.2676424650539769,False
2020-07-14,0.2658372886689758,False
2020-07-15,0.2650791620543424,False
2020-07-16,0.2632562990758242,False
2020-07-17,0.2629605901728502,False
2020-07-18,0.2620960787969608,False
2020-07-19,0.2585452114283816,False
2020-07-20,0.2579862450094368,False
2020-07-21,0.270449995573868,False
2020-07-22,0.2430425815759118,False
2020-07-23,0.243914928613281,False
2020-07-24,0.2143237331628914,False
2020-07-25,0.2184406191234628,False
2020-07-26,0.2266372533270896,False
2020-07-27,0.4312765337892337,False
2020-07-28,0.4336659056439714,False
2020-07-29,0.4353490305475803,False
2020-07-30,0.433586481149214,False
2020-07-31,0.4356060368682588,False
2020-08-01,0.4436887665827023,False
2020-08-02,0.5030401444595207,False
2020-08-03,0.5043236690905082,False
2020-08-04,0.5034563433621874,False
2020-08-05,0.5157760814110764,False
2020-08-06,0.510569153636082,False
2020-08-07,0.5155160271918711,False
2020-08-08,0.508964930299789,False
2020-08-09,0.510868698697038,False
2020-08-10,0.5099217644288404,False
2020-08-11,0.5367185656668264,False
2020-08-12,0.5359492456270296,False
2020-08-13,0.5360964914586028,False
2020-08-14,0.5349304481453814,False
2020-08-15,0.5321097380809495,False
2020-08-16,0.5320792319291568,False
2020-08-17,0.536252129324161,False
2020-08-18,0.5470205880046182,False
2020-08-19,0.5547899448883502,False
2020-08-20,0.5524459136313469,False
2020-08-21,0.562997922439646,False
2020-08-22,0.5629883008841727,False
2020-08-23,0.5622730654667687,False
2020-08-24,0.5616803356464823,False
2020-08-25,0.5765731583991681,False
2020-08-26,0.437133980321475,False
2020-08-27,0.4397054395899212,False
2020-08-28,0.4407370828017986,False
2020-08-29,0.4410327166699772,False
2020-08-30,0.4403911840195,False
2020-08-31,0.4196209682541083,False
2020-09-01,0.3679889836521298,False
2020-09-02,0.402044744225403,False
2020-09-03,0.5395424772046876,False
2020-09-04,0.5182815691873432,False
2020-09-05,0.5276126127436883,False
2020-09-06,0.5288224222027409,False
2020-09-07,0.5272628300543858,False
2020-09-08,0.5314278694894231,False
2020-09-09,0.5286080788540728,False
2020-09-10,0.5161645947734318,False
2020-09-11,0.512605342459736,False
2020-09-12,0.5080287900663468,False
2020-09-13,0.5086464055957822,False
2020-09-14,0.5246815612230822,False
2020-09-15,0.5266466208344855,False
2020-09-16,0.5177497375466048,False
2020-09-17,0.5135808191910476,False
2020-09-18,0.5100403411135392,False
2020-09-19,0.5112310642472266,False
2020-09-20,0.506949162735016,False
2020-09-21,0.5262574232734619,False
2020-09-22,0.5275216364478249,False
2020-09-23,0.5324144113227482,False
2020-09-24,0.5531748816857146,False
2020-09-25,0.5516485121239267,False
2020-09-26,0.5503727830568496,False
2020-09-27,0.5455057702662414,False
2020-09-28,0.545689653179573,False
2020-09-29,0.5436231536447259,False
2020-09-30,0.5437504004288648,False
2020-10-01,0.5365843962002881,False
2020-10-02,0.5138234031967748,False
2020-10-03,0.3652686867401425,False
2020-10-04,0.356193268136264,False
2020-10-05,0.3371472769432202,False
2020-10-06,0.3423743406266687,False
2020-10-07,0.3417801336594968,False
2020-10-08,0.3387333859041048,False
2020-10-09,0.339691541476217,False
2020-10-10,0.3442439163833293,False
2020-10-11,0.3446371120058113,False
2020-10-12,0.3471124473040455,False
2020-10-13,0.3470392237511097,False
2020-10-14,0.3285518731230862,False
2020-10-15,0.3273756267944739,False
2020-10-16,0.3285877169517272,False
2020-10-17,0.3284040031336337,False
2020-10-18,0.3300453911516689,False
2020-10-19,0.3354672638692501,False
2020-10-20,0.3331423863878303,False
2020-10-21,0.3808675489494465,False
2020-10-22,0.3811351224541152,False
2020-10-23,0.3618158777202719,False
2020-10-24,0.3291656603982563,False
2020-10-25,0.3289728847489831,False
2020-10-26,0.3291538463454143,False
2020-10-27,0.3537608814208949,False
2020-10-28,0.3726202338043854,False
2020-10-29,0.3726112109499322,False
2020-10-30,0.3696943837667359,False
2020-10-31,0.3614448679425498,False
2020-11-01,0.3610471923416679,False
2020-11-02,0.3674675165205243,False
2020-11-03,0.37458956636122,False
2020-11-04,0.3747553979516961,False
2020-11-05,0.4843015196034763,False
2020-11-06,0.4862023140449454,False
2020-11-07,0.5275875563598416,False
2020-11-08,0.5398954824181244,False
2020-11-09,0.5437168661916963,False
2020-11-10,0.5456297998520341,False
2020-11-11,0.5484756412646881,False
2020-11-12,0.5498495464769895,False
2020-11-13,0.5492945635566354,False
2020-11-14,0.5573171524857258,False
2020-11-15,0.553149735458824,False
2020-11-16,0.5659447341321142,False
2020-11-17,0.5846555666247211,False
2020-11-18,0.5843287999406588,False
2020-11-19,0.5862663576832312,False
2020-11-20,0.5539454245619235,False
2020-11-21,0.5554456703231982,False
2020-11-22,0.5611053538837799,False
2020-11-23,0.5627569864258961,False
2020-11-24,0.5677341825879275,False
2020-11-25,0.5783558802124635,False
2020-11-26,0.658057858440821,True
2020-11-27,0.646268721049725,True
2020-11-28,0.6528062496817366,True
2020-11-29,0.6551841045478856,True
2020-11-30,0.698153228337044,True
2020-12-01,0.7217816693099242,True
2020-12-02,0.7169238952452619,True
2020-12-03,0.7142575328514037,True
2020-12-04,0.7353084741616637,True
2020-12-05,0.6584815372356854,True
2020-12-06,0.6578311937412359,True
2020-12-07,0.6303386002112743,True
2020-12-08,0.6453860442272278,True
2020-12-09,0.6432330143720066,True
2020-12-10,0.6472123595573137,True
2020-12-11,0.6457898510342349,True
2020-12-12,0.648809807110084,True
2020-12-13,0.6502009258785159,True
2020-12-14,0.6456995194614978,True
2020-12-15,0.6438644524601372,True
2020-12-16,0.7040487503532011,True
2020-12-17,0.7179070441846193,True
2020-12-18,0.718146148945048,True
2020-12-19,0.721504938743333,True
2020-12-20,0.716229697928012,True
2020-12-21,0.72753411251794,True
2020-12-22,0.7332819653453521,True
2020-12-23,0.74115119799985,True
2020-12-24,0.7337479012199306,True
2020-12-25,0.7345550312359668,True
2020-12-26,0.6823167501745957,True
2020-12-27,0.6836655559172189,True
2020-12-28,0.6820873465053485,True
2020-12-29,0.6810657746522736,True
2020-12-30,0.6554891472593588,True
2020-12-31,0.6252020808364351,True
2021-01-01,0.6248514772522111,True
2021-01-02,0.6827009289980085,True
2021-01-03,0.6523179591038478,True
2021-01-04,0.6698827942083029,True
2021-01-05,0.6875448706823512,True
2021-01-06,0.7147211780590847,True
2021-01-07,0.6887889550501904,True
2021-01-08,0.68777473525462,True
2021-01-09,0.6860472698811878,True
2021-01-10,0.721905054160853,True
2021-01-11,0.797339323178451,True
2021-01-12,0.8323880422847302,True
2021-01-13,0.8756085841622578,True
2021-01-14,0.8788645875211192,True
2021-01-15,0.886593343244289,True
2021-01-16,0.8761822135399321,True
2021-01-17,0.8813007909289917,True
2021-01-18,0.8798942392053496,True
2021-01-19,0.8793797758924597,True
2021-01-20,0.8717505533458876,True
2021-01-21,1.0080679515245392,True
2021-01-22,1.022410864440472,True
2021-01-23,1.032093752406959,True
2021-01-24,1.027344689774106,True
2021-01-25,1.0033623016542563,True
2021-01-26,1.002059364288953,True
2021-01-27,1.031067720055122,True
2021-01-28,1.082372125522194,True
2021-01-29,1.0716981359907576,True
2021-01-30,1.0721151003473963,True
2021-01-31,1.081236890347158,True
2021-02-01,1.0339873872502865,True
2021-02-02,1.0507539513219484,True
2021-02-03,1.0600958123709876,True
2021-02-04,1.0425870302649265,True
2021-02-05,1.0087619395645238,True
2021-02-06,0.9849667087465558,True
2021-02-07,0.9773551945461776,True
2021-02-08,1.1747144765651367,True
2021-02-09,1.1587437677685124,True
2021-02-10,1.132103548860622,True
2021-02-11,1.1306512369437027,True
2021-02-12,1.0883485155124877,True
2021-02-13,1.0800353880144364,True
2021-02-14,1.055237327800956,True
2021-02-15,1.054670568531456,True
2021-02-16,1.0530236412582898,True
2021-02-17,1.0655963319474628,True
2021-02-18,1.06369312409816,True
2021-02-19,1.084326950038837,True
2021-02-20,0.9426183398935,True
2021-02-21,0.9258210813733152,True
2021-02-22,0.9505323823963466,True
2021-02-23,1.0356252970818745,True
2021-02-24,1.034617458547201,True
2021-02-25,1.0614030458351091,True
2021-02-26,1.0282648023782834,True
2021-02-27,0.9838812899894116,True
2021-02-28,0.9899594945546863,True
2021-03-01,1.0363273605927008,True
2021-03-02,1.0318495497311568,True
2021-03-03,1.0373145040583518,True
2021-03-04,1.0416364487861929,True
2021-03-05,1.0298566327766316,True
2021-03-06,1.0267215137177998,True
2021-03-07,1.0316503092030578,True
2021-03-08,1.030118025306363,True
2021-03-09,1.0359414495633787,True
2021-03-10,0.8239587758395195,True
2021-03-11,0.8284395091347247,True
2021-03-12,0.8169458645941995,True
2021-03-13,0.8184052504713136,True
2021-03-14,0.8286314170854268,True
2021-03-15,0.8580405932499595,True
2021-03-16,0.8530345585002466,True
2021-03-17,0.8555686749331647,True
2021-03-18,0.8572396688762645,True
2021-03-19,0.8352872308759418,True
2021-03-20,0.8340672087755224,True
2021-03-21,0.7890381400381064,True
2021-03-22,0.8109929719123353,True
2021-03-23,0.805827725894354,True
2021-03-24,0.789677999607162,True
2021-03-25,0.708637224518189,True
2021-03-26,0.7412519656498515,True
2021-03-27,0.7131337036855218,True
2021-03-28,0.7090161477229059,True
2021-03-29,0.7133426518302437,True
2021-03-30,0.7056296768254907,True
2021-03-31,0.6268985216287228,True
2021-04-01,0.6167046093700576,True
2021-04-02,0.601737043025287,False
2021-04-03,0.5939309137764011,False
2021-04-04,0.5958915553606011,False
2021-04-05,0.5954026636502896,False
2021-04-06,0.5817355486772998,False
2021-04-07,0.5964210197825571,False
2021-04-08,0.5885635519914423,False
2021-04-09,0.5846295722831815,False
2021-04-10,0.5813474819054603,False
2021-04-11,0.5805401092182739,False
2021-04-12,0.5294983916925371,False
2021-04-13,0.557462266313838,False
2021-04-14,0.5152072009607469,False
2021-04-15,0.513492969148563,False
2021-04-16,0.5110922957934848,False
2021-04-17,0.5098913714085556,False
2021-04-18,0.5731308026319224,False
2021-04-19,0.5737987415230238,False
2021-04-20,0.5741356454092386,False
2021-04-21,0.5670487763081563,False
2021-04-22,0.5835357093550151,False
2021-04-23,0.571834285669941,False
2021-04-24,0.5718916190500272,False
2021-04-25,0.5219642859615552,False
2021-04-26,0.6372779144661869,True
2021-04-27,0.6408532375051629,True
2021-04-28,0.6303170179679032,True
2021-04-29,0.6299140901735077,True
2021-04-30,0.6904251060614327,True
2021-05-01,0.6903571554113561,True
2021-05-02,0.693789909038282,True
2021-05-03,0.6867266422186449,True
2021-05-04,0.7222637456415372,True
2021-05-05,0.7731794787379771,True
2021-05-06,0.7740256482956742,True
2021-05-07,0.7647402097294592,True
2021-05-08,0.7567027254098921,True
2021-05-09,0.7575947615831333,True
2021-05-10,0.7650503407341731,True
2021-05-11,0.7667249863833289,True
2021-05-12,0.894458267284916,True
2021-05-13,0.8650155396090964,True
2021-05-14,0.8657783076286802,True
2021-05-15,0.8863439396677079,True
2021-05-16,0.883849714709896,True
2021-05-17,0.9039644300859694,True
2021-05-18,0.8745582623303715,True
2021-05-19,0.984718674138196,True
2021-05-20,1.05961839669103,True
2021-05-21,1.0855226937271918,True
2021-05-22,1.0818178938775944,True
2021-05-23,1.1050543472791603,True
2021-05-24,1.1861574793655123,True
2021-05-25,1.18505482681664,True
2021-05-26,1.1243633230940937,True
2021-05-27,1.120737422994072,True
2021-05-28,1.140422210570544,True
2021-05-29,1.141537344305007,True
2021-05-30,1.1052405775431136,True
2021-05-31,1.1242504343425503,True
2021-06-01,1.1240143140236691,True
2021-06-02,1.1287142370507643,True
2021-06-03,1.1265768571057668,True
2021-06-04,1.0964794841378782,True
2021-06-05,1.0994092742095227,True
2021-06-06,1.096878269134197,True
2021-06-07,1.1010549772926668,True
2021-06-08,1.1019137969391437,True
2021-06-09,1.190408188315326,True
2021-06-10,1.186665817468337,True
2021-06-11,1.107439468409463,True
2021-06-12,1.1139006465417784,True
2021-06-13,1.1768118069339988,True
2021-06-14,1.1648389120346243,True
2021-06-15,1.1650940376132148,True
2021-06-16,1.158122380609951,True
2021-06-17,1.157481606613634,True
2021-06-18,1.071307379606241,True
2021-06-19,1.0064022556107726,True
2021-06-20,0.9618608143767732,True
2021-06-21,1.0381244523556068,True
2021-06-22,1.012136595478702,True
2021-06-23,0.93633482245136,True
2021-06-24,0.9424735606014109,True
2021-06-25,0.9828376746904892,True
2021-06-26,0.9843527190828486,True
2021-06-27,0.9933459454773876,True
2021-06-28,0.987539450627366,True
2021-06-29,0.9923903329993726,True
2021-06-30,0.9823571554448712,True
2021-07-01,0.9912514616043788,True
2021-07-02,0.9877505609636796,True
2021-07-03,0.9783088912999894,True
2021-07-04,0.9592923441975416,True
2021-07-05,0.9630855517767752,True
2021-07-06,0.9639910453500212,True
2021-07-07,0.9371350580488124,True
2021-07-08,0.9430323143822564,True
2021-07-09,0.8536816639823868,True
2021-07-10,0.8522862444393973,True
2021-07-11,0.8536246553652905,True
2021-07-12,0.8445637889511598,True
2021-07-13,0.7623561413109393,True
2021-07-14,0.7533385963011159,True
2021-07-15,0.7575516939766765,True
2021-07-16,0.7411646707883949,True
2021-07-17,0.7418553422568804,True
2021-07-18,0.7169754752536579,True
2021-07-19,0.7233920707454352,True
2021-07-20,0.7298082245722535,True
2021-07-21,0.676835554656312,True
2021-07-22,0.6710823827610385,True
2021-07-23,0.6723642307312667,True
2021-07-24,0.6693321890882835,True
2021-07-25,0.5979898244763893,False
2021-07-26,0.6235947485870647,True
2021-07-27,0.5970995076002582,False
2021-07-28,0.5967642595326969,False
2021-07-29,0.5824866832951945,False
2021-07-30,0.6007426534644849,False
2021-07-31,0.5800304521399615,False
2021-08-01,0.6029290124770853,False
2021-08-02,0.6060619607158982,False
2021-08-03,0.6136951577030523,True
2021-08-04,0.6040260117723284,False
2021-08-05,0.6083563728606967,False
2021-08-06,0.621445132606944,True
2021-08-07,0.6162807402275585,True
2021-08-08,0.6203403056727633,True
2021-08-09,0.6402368483596312,True
2021-08-10,0.6465673462412249,True
2021-08-11,0.6299821418706637,True
2021-08-12,0.6372028372226352,True
2021-08-13,0.6754975070797653,True
2021-08-14,0.6636768437267225,True
2021-08-15,0.6597568692710406,True
2021-08-16,0.6709366544574619,True
2021-08-17,0.6864286424785037,True
2021-08-18,0.6699433050876965,True
2021-08-19,0.6564644609850725,True
2021-08-20,0.6352727468394923,True
2021-08-21,0.6400210454297277,True
2021-08-22,0.6339758415863006,True
2021-08-23,0.6340685851754291,True
2021-08-24,0.6538375562104697,True
2021-08-25,0.63563854758437,True
2021-08-26,0.6373440935888569,True
2021-08-27,0.6509682157332928,True
2021-08-28,0.6515605792826032,True
2021-08-29,0.6282056557762566,True
2021-08-30,0.6414110537943368,True
2021-08-31,0.6213119800273337,True
2021-09-01,0.6226415878002824,True
2021-09-02,0.6099849504418005,True
2021-09-03,0.598847527469002,False
2021-09-04,0.5952985597473522,False
2021-09-05,0.5867979555633346,False
2021-09-06,0.575329445953744,False
2021-09-07,0.7013188792564437,True
2021-09-08,0.6742751432196846,True
2021-09-09,0.6716718505122065,True
2021-09-10,0.68188391441895,True
2021-09-11,0.6759010414179866,True
2021-09-12,0.6241517096148397,True
2021-09-13,0.627593079823724,True
2021-09-14,0.6498730924428848,True
2021-09-15,0.6490593856702045,True
2021-09-16,0.6408372065426868,True
2021-09-17,0.6425880518607863,True
2021-09-18,0.6298560775743027,True
2021-09-19,0.6027936235276719,False
2021-09-20,0.6835886022458868,True
2021-09-21,0.700771217970159,True
2021-09-22,0.7493921162050533,True
2021-09-23,0.7482231049599296,True
2021-09-24,0.7569973458844742,True
2021-09-25,0.7447648288381753,True
2021-09-26,0.7268226921649952,True
2021-09-27,0.7298369251213749,True
2021-09-28,0.7346393842422508,True
2021-09-29,0.7282886969194755,True
2021-09-30,0.7548099656573976,True
2021-10-01,0.8231775730183919,True
2021-10-02,0.8230088029858553,True
2021-10-03,0.8222644827076129,True
2021-10-04,0.8249823003295833,True
2021-10-05,0.8330731826558503,True
2021-10-06,0.8706465065120801,True
2021-10-07,0.7781249995405592,True
2021-10-08,0.7745665852094811,True
2021-10-09,0.7757890624637076,True
2021-10-10,0.7639787917319003,True
2021-10-11,0.7779612913251879,True
2021-10-12,0.7858770234062364,True
2021-10-13,0.7796983526518418,True
2021-10-14,0.7679452407507701,True
2021-10-15,0.8014663998088517,True
2021-10-16,0.802420702322173,True
2021-10-17,0.7992596037679869,True
2021-10-18,0.7981626116943061,True
2021-10-19,0.7957286686872292,True
2021-10-20,0.7018535647513262,True
2021-10-21,0.7105978148671284,True
2021-10-22,0.6937407339212712,True
2021-10-23,0.6904970620308709,True
2021-10-24,0.6631868911312445,True
2021-10-25,0.6652210595938509,True
2021-10-26,0.693414958229264,True
2021-10-27,0.6994404204782642,True
2021-10-28,0.6893596610038221,True
2021-10-29,0.690786947835482,True
2021-10-30,0.678986997702941,True
2021-10-31,0.606234814157399,False
2021-11-01,0.6051778894280934,False
2021-11-02,0.6128561680859853,True
2021-11-03,0.6136831312945459,True
2021-11-04,0.6064444778645885,False
2021-11-05,0.5550784690453057,False
2021-11-06,0.5431169706560537,False
2021-11-07,0.5496582714715226,False
2021-11-08,0.5884175735005384,False
2021-11-09,0.5899211556853803,False
2021-11-10,0.5828853058272808,False
2021-11-11,0.5733910403661856,False
2021-11-12,0.5723737141178034,False
2021-11-13,0.5720289102956335,False
2021-11-14,0.5150898320880686,False
2021-11-15,0.5247089634483545,False
2021-11-16,0.557626801701009,False
2021-11-17,0.5570546196709909,False
2021-11-18,0.5742186156593831,False
2021-11-19,0.5704356610184981,False
2021-11-20,0.5462523316241834,False
2021-11-21,0.5425614185679151,False
2021-11-22,0.5588482267981174,False
2021-11-23,0.56533549824869,False
2021-11-24,0.5544050401163235,False
2021-11-25,0.5405466259686507,False
2021-11-26,0.5753334292042627,False
2021-11-27,0.5657330179450102,False
2021-11-28,0.5806974142505953,False
2021-11-29,0.5820871881435974,False
2021-11-30,0.5830553264995796,False
2021-12-01,0.583295675858843,False
2021-12-02,0.5679702930073849,False
2021-12-03,0.5918180771825963,False
2021-12-04,0.6473949306033497,True
2021-12-05,0.6483665441386843,True
2021-12-06,0.6559483919889593,True
2021-12-07,0.6443961448364143,True
2021-12-08,0.5871481628288592,False
2021-12-09,0.6094975005553955,True
2021-12-10,0.605743475419399,False
2021-12-11,0.6347698409809652,True
2021-12-12,0.6398334987008287,True
2021-12-13,0.6705843779170061,True
2021-12-14,0.6648541459683731,True
2021-12-15,0.6927937254053226,True
2021-12-16,0.676308799772924,True
2021-12-17,0.6800772537734353,True
2021-12-18,0.661083020105412,True
2021-12-19,0.6542265150582857,True
2021-12-20,0.6440021820340956,True
2021-12-21,0.6674023221009592,True
2021-12-22,0.6546046464173795,True
2021-12-23,0.6699833598874131,True
2021-12-24,0.6666560155277291,True
2021-12-25,0.6627180016929851,True
2021-12-26,0.6258403907092837,True
2021-12-27,0.6195897612392017,True
2021-12-28,0.6281789705685858,True
2021-12-29,0.6288381759800152,True
2021-12-30,0.6331010625598829,True
2021-12-31,0.6336128206422439,True
2022-01-01,0.6455413720522953,True
2022-01-02,0.6240433579549762,True
2022-01-03,0.5596268283302434,False
2022-01-04,0.560522506770807,False
2022-01-05,0.5768767702861578,False
2022-01-06,0.576572887865082,False
2022-01-07,0.5873956468907512,False
2022-01-08,0.5597117301868666,False
2022-01-09,0.560133845350868,False
2022-01-10,0.5322934945129513,False
2022-01-11,0.5361326688420422,False
2022-01-12,0.49889036656005,False
2022-01-13,0.5091721433605159,False
2022-01-14,0.4772515782585987,False
2022-01-15,0.4713475316213581,False
2022-01-16,0.4606288553351392,False
2022-01-17,0.4610256151448953,False
2022-01-18,0.4615192114100491,False
2022-01-19,0.4626996721217424,False
2022-01-20,0.4356509348813663,False
2022-01-21,0.5536181268607777,False
2022-01-22,0.5281211024403737,False
2022-01-23,0.5520764555062835,False
2022-01-24,0.5569313418346866,False
2022-01-25,0.5571945360694347,False
2022-01-26,0.5572858626184359,False
2022-01-27,0.5300938449551447,False
2022-01-28,0.5338517537450026,False
2022-01-29,0.5309425063114084,False
2022-01-30,0.5292359964150244,False
2022-01-31,0.5189100815037159,False
2022-02-01,0.5210396393701676,False
2022-02-02,0.5378414200658181,False
2022-02-03,0.5393184848659681,False
2022-02-04,0.6684635486118236,True
2022-02-05,0.6677907918864878,True
2022-02-06,0.6596392544247106,True
2022-02-07,0.6692315818394627,True
2022-02-08,0.669350597214998,True
2022-02-09,0.669215582145349,True
2022-02-10,0.6689771634517614,True
2022-02-11,0.6683592857459634,True
2022-02-12,0.6595330471067952,True
2022-02-13,0.6582063824618916,True
2022-02-14,0.6589903588171059,True
2022-02-15,0.6786486523120824,True
2022-02-16,0.6764706470258776,True
2022-02-17,0.7314562860305175,True
2022-02-18,0.7309224015460043,True
2022-02-19,0.7254611385433785,True
2022-02-20,0.6411229642843416,True
2022-02-21,0.6381192405731319,True
2022-02-22,0.6362827746082147,True
2022-02-23,0.6430162015390533,True
2022-02-24,0.6493289273882885,True
2022-02-25,0.6532714531380275,True
2022-02-26,0.6532637740676887,True
2022-02-27,0.6639507543533886,True
2022-02-28,0.8344765105378209,True
2022-03-01,0.83691944929035,True
2022-03-02,0.8380730897146179,True
2022-03-03,0.8489039403977662,True
2022-03-04,0.8793354577844323,True
2022-03-05,0.8793925913829475,True
2022-03-06,0.7816566712762871,True
2022-03-07,0.7820962834617744,True
2022-03-08,0.78000991860439,True
2022-03-09,0.8272061750488972,True
2022-03-10,0.8527619053939399,True
2022-03-11,0.8535467927076091,True
2022-03-12,0.852305079906219,True
2022-03-13,0.8524961398085158,True
2022-03-14,0.8707229691430755,True
2022-03-15,0.871080097613976,True
2022-03-16,0.8859448208434887,True
2022-03-17,0.8697463665262175,True
2022-03-18,0.8721236890152655,True
2022-03-19,0.8268535488558731,True
2022-03-20,0.8297650351594444,True
2022-03-21,0.8300264945353071,True
2022-03-22,0.8206658122469183,True
2022-03-23,0.8086411481849249,True
2022-03-24,0.8058353387902952,True
2022-03-25,0.7979238803157289,True
2022-03-26,0.7943043146476702,True
2022-03-27,0.8086132446051756,True
2022-03-28,0.8078811019056775,True
2022-03-29,0.7930249705517818,True
2022-03-30,0.6218379764737275,True
2022-03-31,0.6279680085022625,True
2022-04-01,0.6287343864160455,True
2022-04-02,0.61685308796775,True
2022-04-03,0.5434359358475945,False
2022-04-04,0.5434989561931352,False
2022-04-05,0.5421047908428166,False
2022-04-06,0.5761706645032115,False
2022-04-07,0.5743122218346466,False
2022-04-08,0.508129089436187,False
2022-04-09,0.4586827716635038,False
2022-04-10,0.457273897370701,False
2022-04-11,0.5131070879446957,False
2022-04-12,0.505269269846443,False
2022-04-13,0.4855970649599851,False
2022-04-14,0.4968416880026238,False
2022-04-15,0.4728760590460561,False
2022-04-16,0.4727254652141477,False
2022-04-17,0.4702807340493511,False
2022-04-18,0.4800031620629554,False
2022-04-19,0.4771892765148071,False
2022-04-20,0.4770776334078292,False
2022-04-21,0.4692867824002228,False
2022-04-22,0.4707394591477349,False
2022-04-23,0.4605725981625868,False
2022-04-24,0.4586365956383311,False
2022-04-25,0.4688967557788692,False
2022-04-26,0.4634246538238119,False
2022-04-27,0.478235861693695,False
2022-04-28,0.4809341092465063,False
2022-04-29,0.4879333224941162,False
2022-04-30,0.4827600517360449,False
2022-05-01,0.4850632775902085,False
2022-05-02,0.4856007462866756,False
2022-05-03,0.4836383541666464,False
2022-05-04,0.523665269190388,False
2022-05-05,0.5807262783921014,False
2022-05-06,0.5587901762239158,False
2022-05-07,0.5578400317623458,False
2022-05-08,0.5657244501399166,False
2022-05-09,0.6669838967220854,True
2022-05-10,0.6778119206981834,True
2022-05-11,0.6815589682746264,True
2022-05-12,0.6774227675961492,True
2022-05-13,0.6683023830076185,True
2022-05-14,0.677746570148522,True
2022-05-15,0.6939786761480029,True
2022-05-16,0.7062970779513836,True
2022-05-17,0.7123801340132244,True
2022-05-18,0.7190465816765123,True
2022-05-19,0.7499600048450495,True
2022-05-20,0.7554172459370844,True
2022-05-21,0.7573208337154514,True
2022-05-22,0.7691525715798908,True
2022-05-23,0.7772625994847767,True
2022-05-24,0.7830478649754479,True
2022-05-25,0.77389292551416,True
2022-05-26,0.7540746985763809,True
2022-05-27,0.7431457458047408,True
2022-05-28,0.7407740364420963,True
2022-05-29,0.7454586549695267,True
2022-05-30,0.8006539540928971,True
2022-05-31,0.7960721958377199,True
2022-06-01,0.8201083910143729,True
2022-06-02,0.8253391897264567,True
2022-06-03,0.8007144196281676,True
2022-06-04,0.7608388112676874,True
2022-06-05,0.7607359229673747,True
2022-06-06,0.7829868065435477,True
2022-06-07,0.7714877029616252,True
2022-06-08,0.6743617798327091,True
2022-06-09,0.6691199061120455,True
2022-06-10,0.6366569353494472,True
2022-06-11,0.642718682706561,True
2022-06-12,0.6708775079307784,True
2022-06-13,0.857509658445942,True
2022-06-14,0.8393823174391296,True
2022-06-15,0.8342738340281687,True
2022-06-16,0.8833021388260508,True
2022-06-17,0.8705903797696642,True
2022-06-18,0.8622826858647906,True
2022-06-19,0.9194375938417688,True
2022-06-20,0.9182204008747908,True
2022-06-21,0.908298497127651,True
2022-06-22,0.9063112323457068,True
2022-06-23,0.9297855483119432,True
2022-06-24,0.9313947057017384,True
2022-06-25,0.9347007383421928,True
2022-06-26,0.934742084001447,True
2022-06-27,0.9331732219509972,True
2022-06-28,0.9269912826598116,True
2022-06-29,0.8703115778532897,True
2022-06-30,0.868377449762596,True
2022-07-01,0.8521082163433935,True
2022-07-02,0.843499165388683,True
2022-07-03,0.844601195521395,True
2022-07-04,0.8697916310019675,True
2022-07-05,0.8690018272124576,True
2022-07-06,0.8480293657896544,True
2022-07-07,0.878652549651214,True
2022-07-08,0.8774104877753782,True
2022-07-09,0.8771942066390608,True
2022-07-10,0.8771059020636688,True
2022-07-11,0.8830914749669182,True
2022-07-12,0.8713209561620726,True
2022-07-13,0.7051940421602311,True
2022-07-14,0.7078806420263439,True
2022-07-15,0.7068337748027256,True
2022-07-16,0.6204242116788916,True
2022-07-17,0.6247071426192594,True
2022-07-18,0.6308079334813185,True
2022-07-19,0.5845842415475063,False
2022-07-20,0.5859108364903987,False
2022-07-21,0.5864573125735182,False
2022-07-22,0.5758247293539354,False
2022-07-23,0.5486678866700345,False
2022-07-24,0.548618508741046,False
2022-07-25,0.5827285771990479,False
2022-07-26,0.5776108732994235,False
2022-07-27,0.6367796896169504,True
2022-07-28,0.6416821046402416,True
2022-07-29,0.6401231351689118,True
2022-07-30,0.6368139612902773,True
2022-07-31,0.630210067863185,True
2022-08-01,0.630139637749877,True
2022-08-02,0.6344118027798392,True
2022-08-03,0.6171160351368011,True
2022-08-04,0.6186487017670421,True
2022-08-05,0.6230025805257053,True
2022-08-06,0.6010693195419367,False
2022-08-07,0.6015215422636837,False
2022-08-08,0.6066468452506274,False
2022-08-09,0.6017864835835718,False
2022-08-10,0.5861235163836384,False
2022-08-11,0.5696623703017114,False
2022-08-12,0.5542613521985574,False
2022-08-13,0.5531633564781288,False
2022-08-14,0.5537587416013612,False
2022-08-15,0.5539866814120534,False
2022-08-16,0.5499660804819517,False
2022-08-17,0.4826015513363474,False
2022-08-18,0.4624077962429886,False
2022-08-19,0.5805079896091774,False
2022-08-20,0.5835030470366993,False
2022-08-21,0.5842339970653572,False
2022-08-22,0.5834843867890425,False
2022-08-23,0.5834271841489069,False
2022-08-24,0.5504480874180245,False
2022-08-25,0.5508835534562473,False
2022-08-26,0.5169633504659662,False
2022-08-27,0.492838406873974,False
2022-08-28,0.4956564000523056,False
2022-08-29,0.5156924452632394,False
2022-08-30,0.5195524240944395,False
2022-08-31,0.5231284117566295,False
2022-09-01,0.5227141498074136,False
2022-09-02,0.5228504186992504,False
2022-09-03,0.5225993105410168,False
2022-09-04,0.5107644258754765,False
2022-09-05,0.5098694714317964,False
2022-09-06,0.5302736206045278,False
2022-09-07,0.5277353510456466,False
2022-09-08,0.5232673025899882,False
2022-09-09,0.63970967938455,True
2022-09-10,0.6424334578096373,True
2022-09-11,0.6383438511456788,True
2022-09-12,0.6472757403234288,True
2022-09-13,0.719962168278594,True
2022-09-14,0.7199717164139128,True
2022-09-15,0.7236823883098346,True
2022-09-16,0.7216510653638921,True
2022-09-17,0.7259975270010165,True
2022-09-18,0.6481681301496791,True
2022-09-19,0.6464273696714418,True
2022-09-20,0.6514268881173375,True
2022-09-21,0.6533174175751898,True
2022-09-22,0.6763205605008292,True
2022-09-23,0.676307855276446,True
2022-09-24,0.6769565269175591,True
2022-09-25,0.6437088760064076,True
2022-09-26,0.6483485407335677,True
2022-09-27,0.6444769728696338,True
2022-09-28,0.6350848477863366,True
2022-09-29,0.6298348360962248,True
2022-09-30,0.6286474454964031,True
2022-10-01,0.628739962171454,True
2022-10-02,0.6299382709418078,True
2022-10-03,0.6389729553103836,True
2022-10-04,0.6509020440172794,True
2022-10-05,0.6508901824848724,True
2022-10-06,0.6266913777354941,True
2022-10-07,0.626621413254675,True
2022-10-08,0.6271672543263129,True
2022-10-09,0.4987889511775854,False
2022-10-10,0.4969317127026221,False
2022-10-11,0.4961179860313555,False
2022-10-12,0.484192674525715,False
2022-10-13,0.369013291750691,False
2022-10-14,0.370274053055029,False
2022-10-15,0.359550309781137,False
2022-10-16,0.3614440127160486,False
2022-10-17,0.3594884727904842,False
2022-10-18,0.3397611595557182,False
2022-10-19,0.3407139033479715,False
2022-10-20,0.3198738189545523,False
2022-10-21,0.3132747863952919,False
2022-10-22,0.2669934976966251,False
2022-10-23,0.2741091438556446,False
2022-10-24,0.2687478798696406,False
2022-10-25,0.2978284230732621,False
2022-10-26,0.3096374745437781,False
2022-10-27,0.3215025197893068,False
2022-10-28,0.3208068298270387,False
2022-10-29,0.32171789310267,False
2022-10-30,0.3223406721527868,False
2022-10-31,0.3225476083437125,False
2022-11-01,0.3175343580062737,False
2022-11-02,0.3073286650740469,False
2022-11-03,0.2798077224749255,False
2022-11-04,0.3213917729910162,False
2022-11-05,0.3188526288368655,False
2022-11-06,0.315745889450301,False
2022-11-07,0.3203872346746408,False
2022-11-08,0.4792785060583696,False
2022-11-09,0.6890609111211746,True
2022-11-10,0.7937995322561175,True
2022-11-11,0.7999393208334828,True
2022-11-12,0.7989576309258425,True
2022-11-13,0.8026102082575176,True
2022-11-14,0.8057842668873414,True
2022-11-15,0.8072364187791365,True
2022-11-16,0.8051316005384018,True
2022-11-17,0.8049831767110899,True
2022-11-18,0.8048320276160805,True
2022-11-19,0.8049758294684385,True
2022-11-20,0.8076407252391732,True
2022-11-21,0.8124806972958363,True
2022-11-22,0.8153873273446431,True
2022-11-23,0.8223306372850038,True
2022-11-24,0.8078193832574947,True
2022-11-25,0.7954829357287919,True
2022-11-26,0.793279538799116,True
2022-11-27,0.7897803439068716,True
2022-11-28,0.7876024378916273,True
2022-11-29,0.7911274702710225,True
2022-11-30,0.8106343052521392,True
2022-12-01,0.8107995126440457,True
2022-12-02,0.8110166825121321,True
2022-12-03,0.8108579334833572,True
2022-12-04,0.7924188535788652,True
2022-12-05,0.7911744875672224,True
2022-12-06,0.7916488596017175,True
2022-12-07,0.7914577907750774,True
2022-12-08,0.7201770910646398,True
2022-12-09,0.507906540763876,False
2022-12-10,0.3400277870374524,False
2022-12-11,0.3215510459749706,False
2022-12-12,0.3180365592729988,False
2022-12-13,0.3215874182563901,False
2022-12-14,0.3180115190484369,False
2022-12-15,0.3283171707134408,False
2022-12-16,0.3572970273271665,False
2022-12-17,0.3585888908359293,False
2022-12-18,0.3587013741420036,False
2022-12-19,0.3649365585691315,False
2022-12-20,0.366984920017045,False
2022-12-21,0.3489431434521798,False
2022-12-22,0.338740005696563,False
2022-12-23,0.3270714375945441,False
2022-12-24,0.3271701919992693,False
2022-12-25,0.3265702516879439,False
2022-12-26,0.3264617142246976,False
2022-12-27,0.3295465085379694,False
2022-12-28,0.3276287059480257,False
2022-12-29,0.3246197123667173,False
2022-12-30,0.2842649078704211,False
2022-12-31,0.2817741509741181,False
2023-01-01,0.2810332503923062,False
2023-01-02,0.2792249379384004,False
2023-01-03,0.2749594270858014,False
2023-01-04,0.2762495806616327,False
2023-01-05,0.275166411979321,False
2023-01-06,0.2716980077867031,False
2023-01-07,0.259216416272121,False
2023-01-08,0.2601053577290584,False
2023-01-09,0.2609867248542319,False
2023-01-10,0.2656061907605581,False
2023-01-11,0.2816860595702513,False
2023-01-12,0.3140612910644195,False
2023-01-13,0.364424651568884,False
2023-01-14,0.3880125083650376,False
2023-01-15,0.3503414598359123,False
2023-01-16,0.3509701830987188,False
2023-01-17,0.3503649168604675,False
2023-01-18,0.3537829004058967,False
2023-01-19,0.3485018964624198,False
2023-01-20,0.4178410993341205,False
2023-01-21,0.4169841942563679,False
2023-01-22,0.4171848692202173,False
2023-01-23,0.4163684073295743,False
2023-01-24,0.4228236008683848,False
2023-01-25,0.4240759590231904,False
2023-01-26,0.4194576079062728,False
2023-01-27,0.4140616517587714,False
2023-01-28,0.4162309683822999,False
2023-01-29,0.4196319609709042,False
2023-01-30,0.4538323880431678,False
2023-01-31,0.4532923184122021,False
2023-02-01,0.4549751262340825,False
2023-02-02,0.4598288087654969,False
2023-02-03,0.461954035759633,False
2023-02-04,0.4633159815207349,False
2023-02-05,0.4728690710035834,False
2023-02-06,0.4762088613165244,False
2023-02-07,0.477959041597194,False
2023-02-08,0.4854243987871042,False
2023-02-09,0.526499171619428,False
2023-02-10,0.5240126180914781,False
2023-02-11,0.497987689933083,False
2023-02-12,0.4650551706776625,False
2023-02-13,0.4282027772901766,False
2023-02-14,0.4318154469565783,False
2023-02-15,0.5363929328479861,False
2023-02-16,0.5485037813887386,False
2023-02-17,0.5537188409363638,False
2023-02-18,0.5517722572105744,False
2023-02-19,0.4940806534805066,False
2023-02-20,0.4980182650450355,False
2023-02-21,0.5020862161793397,False
2023-02-22,0.503449392029776,False
2023-02-23,0.5024205000714859,False
2023-02-24,0.5107031582273165,False
2023-02-25,0.5105148901838088,False
2023-02-26,0.5135886716444011,False
2023-02-27,0.513557782880922,False
2023-02-28,0.5041109230041386,False
2023-03-01,0.4897392926873712,False
2023-03-02,0.4887965132446854,False
2023-03-03,0.5083322934558673,False
2023-03-04,0.5073070118209088,False
2023-03-05,0.5076028339038714,False
2023-03-06,0.5074172181233897,False
2023-03-07,0.5054216416412592,False
2023-03-08,0.5104940756328787,False
2023-03-09,0.5457327004725137,False
2023-03-10,0.5448283045602655,False
2023-03-11,0.5269924194997082,False
2023-03-12,0.5887310656554346,False
2023-03-13,0.6677888316100559,True
2023-03-14,0.6703029471568756,True
2023-03-15,0.6737476581269108,True
2023-03-16,0.6768613107821997,True
2023-03-17,0.678066015523959,True
2023-03-18,0.6722504795941749,True
2023-03-19,0.6721869161388391,True
2023-03-20,0.6741168735858151,True
2023-03-21,0.672043839591033,True
2023-03-22,0.6813576003853735,True
2023-03-23,0.6874669531642433,True
2023-03-24,0.6963998908932715,True
2023-03-25,0.6945784940500014,True
2023-03-26,0.6831699597784141,True
2023-03-27,0.695118824040045,True
2023-03-28,0.6940423348955387,True
2023-03-29,0.703552792202973,True
2023-03-30,0.7017697269066826,True
2023-03-31,0.7005664133390367,True
2023-04-01,0.6995395913273139,True
2023-04-02,0.6738322283906024,True
2023-04-03,0.677918523832738,True
2023-04-04,0.6780279609567431,True
2023-04-05,0.6779357686022663,True
2023-04-06,0.6766192118118591,True
2023-04-07,0.6690334965905561,True
2023-04-08,0.6185781883183272,True
2023-04-09,0.6145067390981734,True
2023-04-10,0.6254954626195927,True
2023-04-11,0.585576130537549,False
2023-04-12,0.5091205868556745,False
2023-04-13,0.5062653758239153,False
2023-04-14,0.5002255309726575,False
2023-04-15,0.496961178031065,False
2023-04-16,0.3826659482195864,False
2023-04-17,0.392816042688142,False
2023-04-18,0.3848621398153095,False
2023-04-19,0.4278370481852391,False
2023-04-20,0.4314532294952624,False
2023-04-21,0.4347819297559136,False
2023-04-22,0.4197090157834688,False
2023-04-23,0.4073303053251497,False
2023-04-24,0.4074412941802086,False
2023-04-25,0.4146171985867644,False
2023-04-26,0.3992079262613133,False
2023-04-27,0.4176594423004992,False
2023-04-28,0.3965684807413455,False
2023-04-29,0.3943829367913624,False
2023-04-30,0.3910197265090326,False
2023-05-01,0.4167124935129281,False
2023-05-02,0.4221950740803553,False
2023-05-03,0.4200255692093229,False
2023-05-04,0.41846920244281,False
2023-05-05,0.425921152721544,False
2023-05-06,0.4329977845739183,False
2023-05-07,0.4365934161285953,False
2023-05-08,0.4470933797330585,False
2023-05-09,0.4443104571030377,False
2023-05-10,0.4104914406973858,False
2023-05-11,0.4086615536700733,False
2023-05-12,0.4088628632011612,False
2023-05-13,0.4066100917379545,False
2023-05-14,0.4072676571284062,False
2023-05-15,0.4099732859448424,False
2023-05-16,0.4098747728697424,False
2023-05-17,0.403654998993955,False
2023-05-18,0.3886620852912621,False
2023-05-19,0.3485328270207607,False
2023-05-20,0.3444536622096678,False
2023-05-21,0.3266236172024674,False
2023-05-22,0.318734175538704,False
2023-05-23,0.3218426224136083,False
2023-05-24,0.3411265561051513,False
2023-05-25,0.3249258440193157,False
2023-05-26,0.3266302927030705,False
2023-05-27,0.2965441477426329,False
2023-05-28,0.3408660023186352,False
2023-05-29,0.3429005646108877,False
2023-05-30,0.342800747699987,False
2023-05-31,0.3189289280590191,False
2023-06-01,0.3123163357663144,False
2023-06-02,0.3152537602595335,False
2023-06-03,0.3154018757877856,False
2023-06-04,0.3017748233746465,False
2023-06-05,0.338574308267069,False
2023-06-06,0.3969664039041701,False
2023-06-07,0.4023719971486063,False
2023-06-08,0.4032465448497737,False
2023-06-09,0.4032465589785267,False
2023-06-10,0.4041191079674112,False
2023-06-11,0.4038358771884347,False
2023-06-12,0.4038406436060384,False
2023-06-13,0.4032316437746766,False
2023-06-14,0.4140714435209714,False
2023-06-15,0.4198929609007203,False
2023-06-16,0.4306370131166758,False
2023-06-17,0.4255689902572378,False
2023-06-18,0.4260605434225635,False
2023-06-19,0.4305961147023153,False
2023-06-20,0.4682281606590305,False
2023-06-21,0.5098448516376926,False
2023-06-22,0.5092830708711987,False
2023-06-23,0.4978974761034442,False
2023-06-24,0.4991742797803281,False
2023-06-25,0.4995905174700326,False
2023-06-26,0.5012050644005209,False
2023-06-27,0.4803805402739867,False
2023-06-28,0.4841061712479379,False
2023-06-29,0.4847897815989506,False
2023-06-30,0.4790215883701608,False
2023-07-01,0.4742280748408173,False
2023-07-02,0.4726023650116097,False
2023-07-03,0.4732123971891964,False
2023-07-04,0.4768726959867809,False
2023-07-05,0.4373398464466996,False
2023-07-06,0.4046315279509263,False
2023-07-07,0.3846265823191984,False
2023-07-08,0.3852694759375952,False
2023-07-09,0.3859569384196653,False
2023-07-10,0.3722963270198807,False
2023-07-11,0.3722334820241796,False
2023-07-12,0.3742882585714375,False
2023-07-13,0.3882275384203068,False
2023-07-14,0.3954900013818481,False
2023-07-15,0.3941558800395384,False
2023-07-16,0.3856108476214821,False
2023-07-17,0.3865869977899961,False
2023-07-18,0.3878152867204114,False
2023-07-19,0.3839970225790787,False
2023-07-20,0.3373307151470826,False
2023-07-21,0.2644440449305481,False
2023-07-22,0.2645918978800368,False
2023-07-23,0.2502815257692569,False
2023-07-24,0.2704870563787257,False
2023-07-25,0.2706923798261685,False
2023-07-26,0.270622255661209,False
2023-07-27,0.2656484888630888,False
2023-07-28,0.2580361156298623,False
2023-07-29,0.2540782468794446,False
2023-07-30,0.2540166650090502,False
2023-07-31,0.2533865847363075,False
2023-08-01,0.2598936823348103,False
2023-08-02,0.257392830346849,False
2023-08-03,0.2550073501963403,False
2023-08-04,0.2539089754839141,False
2023-08-05,0.2451764581661835,False
2023-08-06,0.2388685405521085,False
2023-08-07,0.2398283985791474,False
2023-08-08,0.2506752295681984,False
2023-08-09,0.2497595368030701,False
2023-08-10,0.2485000227064072,False
2023-08-11,0.247475124959478,False
2023-08-12,0.2092924798223367,False
2023-08-13,0.1697798952690827,False
2023-08-14,0.1708282417526357,False
2023-08-15,0.1726335939484239,False
2023-08-16,0.1801764911741663,False
2023-08-17,0.3011210741846219,False
2023-08-18,0.3078519795186409,False
2023-08-19,0.3086257984283633,False
2023-08-20,0.3085144976391222,False
2023-08-21,0.3085749927736055,False
2023-08-22,0.3039963775494909,False
2023-08-23,0.2973720251353259,False
2023-08-24,0.2978067987549774,False
2023-08-25,0.2964351079547712,False
2023-08-26,0.2965204309676013,False
2023-08-27,0.2963398122304538,False
2023-08-28,0.2962083455310755,False
2023-08-29,0.3749628865354977,False
2023-08-30,0.3780792498879695,False
2023-08-31,0.4078106385575608,False
2023-09-01,0.4049629025222339,False
2023-09-02,0.4052620341366929,False
2023-09-03,0.4061475822404911,False
2023-09-04,0.4061409352173084,False
2023-09-05,0.4060215268784906,False
2023-09-06,0.4049912287288738,False
2023-09-07,0.404163137304137,False
2023-09-08,0.4052135436454795,False
2023-09-09,0.405426163169242,False
2023-09-10,0.40532891240945,False
2023-09-11,0.4119719512226602,False
2023-09-12,0.426490609675098,False
2023-09-13,0.4308617524565714,False
2023-09-14,0.4338342482097975,False
2023-09-15,0.4315821069985176,False
2023-09-16,0.3533130370625135,False
2023-09-17,0.3434131257065089,False
2023-09-18,0.3444044292466098,False
2023-09-19,0.348871536324999,False
2023-09-20,0.3489324224560126,False
2023-09-21,0.3571206488617938,False
2023-09-22,0.3532577405289731,False
2023-09-23,0.3512144358759393,False
2023-09-24,0.3536561607450858,False
2023-09-25,0.353607517938927,False
2023-09-26,0.353698933359123,False
2023-09-27,0.3541016377351881,False
2023-09-28,0.2912578588914623,False
2023-09-29,0.2866533832408365,False
2023-09-30,0.2237287126661244,False
2023-10-01,0.2556389401343826,False
2023-10-02,0.26407974848599,False
2023-10-03,0.2647727736028692,False
2023-10-04,0.2661287911351814,False
2023-10-05,0.2719270820648577,False
2023-10-06,0.2781515274274331,False
2023-10-07,0.2720825973919581,False
2023-10-08,0.2670181932906214,False
2023-10-09,0.2720803167902848,False
2023-10-10,0.2735125878330328,False
2023-10-11,0.2654536825650168,False
2023-10-12,0.2512807501919233,False
2023-10-13,0.2463735249126863,False
2023-10-14,0.2431653550132556,False
2023-10-15,0.245885990588661,False
2023-10-16,0.2997903938595997,False
2023-10-17,0.300274480856524,False
2023-10-18,0.3000861948375388,False
2023-10-19,0.2982399097029459,False
2023-10-20,0.3173020016811545,False
2023-10-21,0.3056396022346048,False
2023-10-22,0.3054142949661846,False
2023-10-23,0.4602277330565662,False
2023-10-24,0.4582571233631284,False
2023-10-25,0.4585105236566735,False
2023-10-26,0.4615133883685109,False
2023-10-27,0.4648647185892897,False
2023-10-28,0.4610651370323306,False
2023-10-29,0.4592832721723596,False
2023-10-30,0.4599737651260057,False
2023-10-31,0.4478836220309146,False
2023-11-01,0.4423980224191158,False
2023-11-02,0.4475255357562863,False
2023-11-03,0.4498294122714565,False
2023-11-04,0.4431248468343822,False
2023-11-05,0.442521045449662,False
2023-11-06,0.4427662586636255,False
2023-11-07,0.441743558527329,False
2023-11-08,0.4354471132674465,False
2023-11-09,0.437141803948523,False
2023-11-10,0.4249857839456166,False
2023-11-11,0.4251623172728753,False
2023-11-12,0.4270407603425679,False
2023-11-13,0.4349585177858489,False
2023-11-14,0.4536209080501708,False
2023-11-15,0.474472267463846,False
2023-11-16,0.5105670240692141,False
2023-11-17,0.5090272237842265,False
2023-11-18,0.5096937141897384,False
2023-11-19,0.5040625699139117,False
2023-11-20,0.504445059074824,False
2023-11-21,0.5362195855515526,False
2023-11-22,0.4326994415927341,False
2023-11-23,0.4272692365937102,False
2023-11-24,0.4252000026624779,False
2023-11-25,0.422543405360511,False
2023-11-26,0.4229435975387594,False
2023-11-27,0.4241994111984197,False
2023-11-28,0.4249612026174212,False
2023-11-29,0.4247793692489742,False
2023-11-30,0.4254754763998384,False
2023-12-01,0.4277503076616128,False
2023-12-02,0.4271343406351331,False
2023-12-03,0.4264662963832457,False
2023-12-04,0.4544287328822708,False
2023-12-05,0.4784012265713409,False
2023-12-06,0.4806459421215002,False
2023-12-07,0.4845154602688738,False
2023-12-08,0.4866687302663864,False
2023-12-09,0.4838859821314776,False
2023-12-10,0.4825918691978985,False
2023-12-11,0.5302999060497082,False
2023-12-12,0.5298493717048438,False
2023-12-13,0.535695667989123,False
2023-12-14,0.523110537757672,False
2023-12-15,0.4889885064729167,False
2023-12-16,0.4555807960422491,False
2023-12-17,0.4638583352566437,False
2023-12-18,0.4722703891440693,False
2023-12-19,0.470734951900408,False
2023-12-20,0.4808670944670103,False
2023-12-21,0.4461201593581033,False
2023-12-22,0.4244690455730127,False
2023-12-23,0.4251065467494826,False
2023-12-24,0.4313789833191399,False
2023-12-25,0.4324569207986304,False
2023-12-26,0.4427447733176701,False
2023-12-27,0.4450298646907147,False
2023-12-28,0.4512474363756298,False
2023-12-29,0.4548467678161238,False
2023-12-30,0.4541031969162036,False
2023-12-31,0.4471889270251962,False
2024-01-01,0.466909766706379,False
2024-01-02,0.4684699477660565,False
2024-01-03,0.47112785153715,False
2024-01-04,0.4504700970297219,False
2024-01-05,0.4495748889724973,False
2024-01-06,0.4481576458124283,False
2024-01-07,0.4426832038599932,False
2024-01-08,0.501659567529549,False
2024-01-09,0.5066814953098814,False
2024-01-10,0.4586209279569861,False
2024-01-11,0.4599163005151741,False
2024-01-12,0.5241465400561749,False
2024-01-13,0.5240540220126375,False
2024-01-14,0.5234402054943798,False
2024-01-15,0.5262012745282455,False
2024-01-16,0.5227773177807679,False
2024-01-17,0.5137171743445812,False
2024-01-18,0.5273968865323995,False
2024-01-19,0.5149100002212843,False
2024-01-20,0.5145019048315125,False
2024-01-21,0.5142899782211192,False
2024-01-22,0.5402617312205005,False
2024-01-23,0.5394363478551564,False
2024-01-24,0.5371460250416275,False
2024-01-25,0.5309479907110607,False
2024-01-26,0.552082131562915,False
2024-01-27,0.5489163979076136,False
2024-01-28,0.5471560460282041,False
2024-01-29,0.5567267727533352,False
2024-01-30,0.5575933699806921,False
2024-01-31,0.5351918737534569,False
2024-02-01,0.532856193826895,False
2024-02-02,0.5065328699330462,False
2024-02-03,0.4946512379484482,False
2024-02-04,0.4956276647990482,False
2024-02-05,0.495585500486488,False
2024-02-06,0.4969794916098565,False
2024-02-07,0.4433445937393347,False
2024-02-08,0.4470156816394312,False
2024-02-09,0.4681700069903663,False
2024-02-10,0.4696136991919352,False
2024-02-11,0.3791085401784569,False
2024-02-12,0.3930773436226724,False
2024-02-13,0.3799597417400156,False
2024-02-14,0.3984602104958846,False
2024-02-15,0.3976312107793976,False
2024-02-16,0.3935517933693783,False
2024-02-17,0.3692176332684217,False
2024-02-18,0.3692269935606815,False
2024-02-19,0.3719305216279225,False
2024-02-20,0.3701219834144689,False
2024-02-21,0.3144541758850849,False
2024-02-22,0.3217564709651767,False
2024-02-23,0.3289764872958433,False
2024-02-24,0.3275246316157762,False
2024-02-25,0.2970473482283635,False
2024-02-26,0.3387476887931182,False
2024-02-27,0.3614688226856397,False
2024-02-28,0.4626544868518438,False
2024-02-29,0.4721083393441697,False
2024-03-01,0.4668409593888857,False
2024-03-02,0.4718645292780614,False
2024-03-03,0.4708824946933099,False
2024-03-04,0.5235857310182852,False
2024-03-05,0.591351159360936,False
2024-03-06,0.5945292950925158,False
2024-03-07,0.5943250820067252,False
2024-03-08,0.5926996895425466,False
2024-03-09,0.5935616204906421,False
2024-03-10,0.5862157266064637,False
2024-03-11,0.5965810571894428,False
2024-03-12,0.6019767674005567,False
2024-03-13,0.598183361693134,False
2024-03-14,0.6085989979734812,False
2024-03-15,0.6149785076115151,True
2024-03-16,0.6603392249988257,True
2024-03-17,0.6738524578479257,True
2024-03-18,0.6749180792965574,True
2024-03-19,0.7488676431295077,True
2024-03-20,0.810604801286419,True
2024-03-21,0.8260740250149042,True
2024-03-22,0.8328869982280935,True
2024-03-23,0.830427450546461,True
2024-03-24,0.8394168624149395,True
2024-03-25,0.8457852010091634,True
2024-03-26,0.8461640847542402,True
2024-03-27,0.8340779154260022,True
2024-03-28,0.8236063683441048,True
2024-03-29,0.7639628366066711,True
2024-03-30,0.7590821415939675,True
2024-03-31,0.7602010251374899,True
2024-04-01,0.7654870325882978,True
2024-04-02,0.7970748403792467,True
2024-04-03,0.7440114271694961,True
2024-04-04,0.716433152893747,True
2024-04-05,0.707598685526631,True
2024-04-06,0.708309162414152,True
2024-04-07,0.7053049275697965,True
2024-04-08,0.7138363325235865,True
2024-04-09,0.7250027947413652,True
2024-04-10,0.7112744123669479,True
2024-04-11,0.7110662834494481,True
2024-04-12,0.7201764583854895,True
2024-04-13,0.736164285645899,True
2024-04-14,0.7392424864837474,True
2024-04-15,0.7202667001137915,True
2024-04-16,0.7002403644900369,True
2024-04-17,0.7119230461434902,True
2024-04-18,0.6615979952571897,True
2024-04-19,0.5653082285145533,False
2024-04-20,0.5555614424488863,False
2024-04-21,0.5474405556743214,False
2024-04-22,0.5562904351854114,False
2024-04-23,0.5295136601148234,False
2024-04-24,0.519988197753404,False
2024-04-25,0.520270694053685,False
2024-04-26,0.5208904550565792,False
2024-04-27,0.5153702924780469,False
2024-04-28,0.5144395766177201,False
2024-04-29,0.5169362415265619,False
2024-04-30,0.533340240389612,False
2024-05-01,0.5432452644675069,False
2024-05-02,0.5091539671054321,False
2024-05-03,0.5589517690081617,False
2024-05-04,0.5443030550318062,False
2024-05-05,0.5437275889882378,False
2024-05-06,0.5416766709649559,False
2024-05-07,0.5418283306798529,False
2024-05-08,0.5283982693877217,False
2024-05-09,0.5308784867257222,False
2024-05-10,0.5359427881120241,False
2024-05-11,0.5360718687074207,False
2024-05-12,0.5218324272340974,False
2024-05-13,0.500180282221468,False
2024-05-14,0.4932523846673387,False
2024-05-15,0.5491654040456981,False
2024-05-16,0.5522772199322177,False
2024-05-17,0.5395337674995566,False
2024-05-18,0.5263210366761836,False
2024-05-19,0.5278387678344937,False
2024-05-20,0.589201230102158,False
2024-05-21,0.5939989235871233,False
2024-05-22,0.5891580009892744,False
2024-05-23,0.5922092436125835,False
2024-05-24,0.5803302534155395,False
2024-05-25,0.5810381505973619,False
2024-05-26,0.5808975146238646,False
2024-05-27,0.5811385727781189,False
2024-05-28,0.5843675220156624,False
2024-05-29,0.5854118045157055,False
2024-05-30,0.5544872929462,False
2024-05-31,0.5355746196040202,False
2024-06-01,0.534479922017536,False
2024-06-02,0.4906123230071957,False
2024-06-03,0.4904853877209497,False
2024-06-04,0.4968973845134419,False
2024-06-05,0.4931561593340884,False
2024-06-06,0.4902707734501515,False
2024-06-07,0.4912397693480057,False
2024-06-08,0.4824541624124893,False
2024-06-09,0.4611891686528712,False
2024-06-10,0.4614972412965697,False
2024-06-11,0.4776983563091026,False
2024-06-12,0.4735651089305085,False
2024-06-13,0.4737724153354559,False
2024-06-14,0.3944324871117182,False
2024-06-15,0.3904101600257245,False
2024-06-16,0.3786456304072781,False
2024-06-17,0.3786822599948351,False
2024-06-18,0.3837929563926182,False
2024-06-19,0.2594089903621011,False
2024-06-20,0.2534889470714371,False
2024-06-21,0.2518512590837046,False
2024-06-22,0.2465719043925855,False
2024-06-23,0.2488394948084528,False
2024-06-24,0.2862464347379336,False
2024-06-25,0.3034904759268749,False
2024-06-26,0.3009070182363648,False
2024-06-27,0.3037920464546377,False
2024-06-28,0.3089750169502969,False
2024-06-29,0.3076750465264622,False
2024-06-30,0.3266645117488775,False
2024-07-01,0.3265781084616146,False
2024-07-02,0.328508567336273,False
2024-07-03,0.3347703389698525,False
2024-07-04,0.3580183146212946,False
2024-07-05,0.3543774355022727,False
2024-07-06,0.3763262260276123,False
2024-07-07,0.393976415117319,False
2024-07-08,0.401062445760197,False
2024-07-09,0.4123073759513844,False
2024-07-10,0.4120954280909442,False
2024-07-11,0.4018018480449224,False
2024-07-12,0.3997835152189504,False
2024-07-13,0.4069512419922538,False
2024-07-14,0.4191374134040914,False
2024-07-15,0.484433423526543,False
2024-07-16,0.4839617231600251,False
2024-07-17,0.4865994137329413,False
2024-07-18,0.4815897667589522,False
2024-07-19,0.5043044489399364,False
2024-07-20,0.5045281859610903,False
2024-07-21,0.504382924811265,False
2024-07-22,0.5057711075444649,False
2024-07-23,0.5101443133753132,False
2024-07-24,0.4819805200983522,False
2024-07-25,0.4754026395579213,False
2024-07-26,0.481791205643311,False
2024-07-27,0.4810158092297853,False
2024-07-28,0.4729743632673654,False
2024-07-29,0.4807943082994007,False
2024-07-30,0.4733339363142094,False
2024-07-31,0.4819317109405796,False
2024-08-01,0.4803449379418182,False
2024-08-02,0.5161883165270809,False
2024-08-03,0.4805841887513634,False
2024-08-04,0.504667991997095,False
2024-08-05,0.5534778154180632,False
2024-08-06,0.5510853941239591,False
2024-08-07,0.5520587577031006,False
2024-08-08,0.6936457967848276,True
2024-08-09,0.6955007012128097,True
2024-08-10,0.6947179658422956,True
2024-08-11,0.7074220940790273,True
2024-08-12,0.7039407620894625,True
2024-08-13,0.701823895638102,True
2024-08-14,0.667158871277525,True
2024-08-15,0.669442203690878,True
2024-08-16,0.6744156920485919,True
2024-08-17,0.6757502972639958,True
2024-08-18,0.6579570899410049,True
2024-08-19,0.6610863136625581,True
2024-08-20,0.6579554510139907,True
2024-08-21,0.6729541069698081,True
2024-08-22,0.6694406919836571,True
2024-08-23,0.7049174576864862,True
2024-08-24,0.7045818872879062,True
2024-08-25,0.6947941247179058,True
2024-08-26,0.6987974091489901,True
2024-08-27,0.7209011798087503,True
2024-08-28,0.7184285417752346,True
2024-08-29,0.7188651420163086,True
2024-08-30,0.7149242696571851,True
2024-08-31,0.7132081834364629,True
2024-09-01,0.6888181003694165,True
2024-09-02,0.6970961482446778,True
2024-09-03,0.6882405057394663,True
2024-09-04,0.638918098707151,True
2024-09-05,0.636801683522319,True
2024-09-06,0.6489233020782763,True
2024-09-07,0.4790060946279882,False
2024-09-08,0.4813369312364716,False
2024-09-09,0.503961677188359,False
2024-09-10,0.4899164526237353,False
2024-09-11,0.4885392833009873,False
2024-09-12,0.4849893827663366,False
2024-09-13,0.4951919865136203,False
2024-09-14,0.4907630238433615,False
2024-09-15,0.4873030606471638,False
2024-09-16,0.4896616980122462,False
2024-09-17,0.5022520471660541,False
2024-09-18,0.5045304708883201,False
2024-09-19,0.507721555616096,False
2024-09-20,0.4926287074720487,False
2024-09-21,0.4899131596838768,False
2024-09-22,0.4405248182513868,False
2024-09-23,0.4408439268545988,False
2024-09-24,0.4441019339962925,False
2024-09-25,0.4414273394665953,False
2024-09-26,0.4095302147792009,False
2024-09-27,0.4079904930781754,False
2024-09-28,0.4079867478247906,False
2024-09-29,0.4078179305520966,False
2024-09-30,0.4293805341353458,False
2024-10-01,0.4413381381910127,False
2024-10-02,0.4291142461229762,False
2024-10-03,0.4156688812977823,False
2024-10-04,0.4204694315640989,False
2024-10-05,0.4026100292062139,False
2024-10-06,0.3723217644977398,False
2024-10-07,0.3757361081985833,False
2024-10-08,0.3752245178130869,False
2024-10-09,0.3662080857848842,False
2024-10-10,0.365627627347838,False
2024-10-11,0.3836762479964613,False
2024-10-12,0.3831313082943521,False
2024-10-13,0.357100183547906,False
2024-10-14,0.3940786593737447,False
2024-10-15,0.3911218417088026,False
2024-10-16,0.3838270050559453,False
2024-10-17,0.3678736156244224,False
2024-10-18,0.3642245556250457,False
2024-10-19,0.3591002940159777,False
2024-10-20,0.359784337487356,False
2024-10-21,0.3717141060932933,False
2024-10-22,0.3717401821224185,False
2024-10-23,0.3750946169222767,False
2024-10-24,0.3817433047004956,False
2024-10-25,0.3848500629972662,False
2024-10-26,0.3693696011191227,False
2024-10-27,0.3708772635093738,False
2024-10-28,0.3834180887640611,False
2024-10-29,0.4049420693234618,False
2024-10-30,0.3816765979334497,False
2024-10-31,0.368547498463232,False
2024-11-01,0.3713762210274322,False
2024-11-02,0.3721999300226898,False
2024-11-03,0.3694729448768398,False
2024-11-04,0.3741442724102494,False
2024-11-05,0.3793206397743982,False
2024-11-06,0.4827077698284479,False
2024-11-07,0.4818951108411514,False
2024-11-08,0.4679114934453188,False
2024-11-09,0.4658833361945574,False
2024-11-10,0.4767205709395354,False
2024-11-11,0.5776113312063836,False
2024-11-12,0.5788291431966872,False
2024-11-13,0.5654593273772547,False
2024-11-14,0.5892028397896939,False
2024-11-15,0.6013192654242958,False
2024-11-16,0.6020678148041055,False
2024-11-17,0.6051115632649228,False
2024-11-18,0.6039929657725448,False
2024-11-19,0.6049957856265071,False
2024-11-20,0.593565531247473,False
2024-11-21,0.602461136327414,False
2024-11-22,0.5953812422772952,False
2024-11-23,0.6005090697473887,False
2024-11-24,0.5885329654062189,False
2024-11-25,0.6285278100048065,True
2024-11-26,0.6337827087012258,True
2024-11-27,0.6408263311145744,True
2024-11-28,0.6338886137552806,True
2024-11-29,0.6323232636275,True
2024-11-30,0.6206204272409003,True
2024-12-01,0.6158267945472966,True
2024-12-02,0.6206704182519804,True
2024-12-03,0.6178664821313216,True
2024-12-04,0.6137594067048151,True
2024-12-05,0.624650223356514,True
2024-12-06,0.5630435771289406,False
2024-12-07,0.5636595270304988,False
2024-12-08,0.5637741472317963,False
2024-12-09,0.5871876402264381,False
2024-12-10,0.5717792684644818,False
2024-12-11,0.480118313308077,False
2024-12-12,0.4811630780408567,False
2024-12-13,0.4738366687639507,False
2024-12-14,0.4508278607387748,False
2024-12-15,0.4376567838607547,False
2024-12-16,0.4378840818578551,False
2024-12-17,0.4355498686171843,False
2024-12-18,0.4881374587871087,False
2024-12-19,0.4947547213748202,False
2024-12-20,0.4897573763783193,False
2024-12-21,0.4653451890159433,False
2024-12-22,0.4709702158173512,False
2024-12-23,0.4693885289198851,False
2024-12-24,0.4926609164861051,False
2024-12-25,0.4577109953055944,False
2024-12-26,0.4738699641300153,False
2024-12-27,0.4534884297577533,False
2024-12-28,0.4549518900583112,False
2024-12-29,0.4535824738970588,False
2024-12-30,0.4533601907294647,False
2024-12-31,0.4533257095737559,False
2025-01-01,0.4524064567986492,False
2025-01-02,0.4616588112629747,False
2025-01-03,0.4525544262853281,False
2025-01-04,0.4454965587486374,False
2025-01-05,0.4286807624808197,False
2025-01-06,0.4493077390178674,False
2025-01-07,0.4813303666235908,False
2025-01-08,0.4680062877880778,False
2025-01-09,0.4764291962341196,False
2025-01-10,0.4539814916306093,False
2025-01-11,0.4527550609032175,False
2025-01-12,0.4491941279415063,False
2025-01-13,0.4492521614165876,False
2025-01-14,0.4434689161920268,False
2025-01-15,0.464397772163985,False
2025-01-16,0.4647563223551297,False
2025-01-17,0.4500324232867392,False
2025-01-18,0.4393341800578536,False
2025-01-19,0.4553512651380488,False
2025-01-20,0.4554451065142094,False
2025-01-21,0.4663659594913151,False
2025-01-22,0.4753362419729676,False
2025-01-23,0.4542427411326548,False
2025-01-24,0.4545261802493896,False
2025-01-25,0.4343391380797067,False
2025-01-26,0.4358148906209041,False
2025-01-27,0.4360326270868295,False
2025-01-28,0.431770429785409,False
2025-01-29,0.4351000287671608,False
2025-01-30,0.4353198688402867,False
2025-01-31,0.4441039721475568,False
2025-02-01,0.4413102909105496,False
2025-02-02,0.4522946980044484,False
2025-02-03,0.471254701446101,False
2025-02-04,0.4878893026695524,False
2025-02-05,0.4698776441023372,False
2025-02-06,0.4353972093503417,False
2025-02-07,0.4296904570710054,False
2025-02-08,0.4179831443392112,False
2025-02-09,0.4101471744515921,False
2025-02-10,0.4112092602766932,False
2025-02-11,0.4162499469781266,False
2025-02-12,0.4230439336355162,False
2025-02-13,0.4195727889220983,False
2025-02-14,0.3944464018901642,False
2025-02-15,0.3937455290103031,False
2025-02-16,0.3566975664387343,False
2025-02-17,0.3566591097226216,False
2025-02-18,0.3408857878150873,False
2025-02-19,0.3419049487830143,False
2025-02-20,0.3146282139540393,False
2025-02-21,0.313779059065944,False
2025-02-22,0.3142107761588763,False
2025-02-23,0.3118838325558254,False
2025-02-24,0.3533962302496592,False
2025-02-25,0.3603511155555187,False
2025-02-26,0.3927824320741428,False
2025-02-27,0.3944047561764972,False
2025-02-28,0.3802554105208349,False
2025-03-01,0.3870413290834238,False
2025-03-02,0.5208956148174063,False
2025-03-03,0.5968758180033982,False
2025-03-04,0.5932455943414882,False
2025-03-05,0.5940902456139119,False
2025-03-06,0.5833372082822236,False
2025-03-07,0.5939213753082014,False
2025-03-08,0.5939596626759216,False
2025-03-09,0.630882228076953,True
2025-03-10,0.6344860916917203,True
2025-03-11,0.6695463549401967,True
2025-03-12,0.6697279292595375,True
2025-03-13,0.6750669983477882,True
2025-03-14,0.6834951407999161,True
2025-03-15,0.6834860825946256,True
2025-03-16,0.6843000072811944,True
2025-03-17,0.688773910337672,True
2025-03-18,0.6891211388809798,True
2025-03-19,0.7147559628095193,True
2025-03-20,0.7215666953992028,True
2025-03-21,0.7195900109636266,True
2025-03-22,0.7154239224899444,True
2025-03-23,0.7204320022381808,True
2025-03-24,0.7232842171564706,True
2025-03-25,0.7233245203898122,True
2025-03-26,0.7026159041657573,True
2025-03-27,0.6952456351770658,True
2025-03-28,0.6823759426249066,True
2025-03-29,0.6862867244976505,True
2025-03-30,0.6862422461142254,True
2025-03-31,0.6826005691731989,True
2025-04-01,0.6007473445267223,False
2025-04-02,0.530334933920434,False
2025-04-03,0.5286924566334746,False
2025-04-04,0.5099575196232902,False
2025-04-05,0.5096771599286539,False
2025-04-06,0.5407138574025655,False
2025-04-07,0.5434121516229276,False
2025-04-08,0.5117882174535867,False
2025-04-09,0.58198238749427,False
2025-04-10,0.5637906312476135,False
2025-04-11,0.5874690988205875,False
2025-04-12,0.5806753983442352,False
2025-04-13,0.5719940865051062,False
2025-04-14,0.5728774260873076,False
2025-04-15,0.5690758928240037,False
2025-04-16,0.5658403543740239,False
2025-04-17,0.5636124033122094,False
2025-04-18,0.535767635860449,False
2025-04-19,0.524963781738602,False
2025-04-20,0.5249074502452226,False
2025-04-21,0.5329131627196061,False
2025-04-22,0.5746436710419027,False
2025-04-23,0.5725429679973407,False
2025-04-24,0.572439382086195,False
2025-04-25,0.5717276664902261,False
2025-04-26,0.5719050452078135,False
2025-04-27,0.559402358817867,False
2025-04-28,0.5529791175502407,False
2025-04-29,0.5539392759183268,False
2025-04-30,0.5542490772906635,False
2025-05-01,0.5502722092902809,False
2025-05-02,0.5346805234039058,False
2025-05-03,0.5376253607452476,False
2025-05-04,0.5426443431613344,False
2025-05-05,0.5418054228639485,False
2025-05-06,0.4858668473155576,False
2025-05-07,0.4857414353041829,False
2025-05-08,0.4974838451791168,False
2025-05-09,0.4255012954370424,False
2025-05-10,0.3966474305359481,False
2025-05-11,0.3751295028279377,False
2025-05-12,0.3774044646058418,False
2025-05-13,0.3668474881094192,False
2025-05-14,0.369704702565058,False
2025-05-15,0.3649223836190025,False
2025-05-16,0.3664022970531978,False
2025-05-17,0.3678579394354415,False
2025-05-18,0.3751326362634267,False
2025-05-19,0.3791715355983869,False
2025-05-20,0.3787350973111398,False
2025-05-21,0.3784148327219027,False
2025-05-22,0.3135687174130879,False
2025-05-23,0.3511945439470911,False
2025-05-24,0.3511148645982754,False
2025-05-25,0.3517126512576312,False
2025-05-26,0.3511545258564515,False
2025-05-27,0.3488732932569807,False
2025-05-28,0.3520912274061975,False
2025-05-29,0.3601277876154787,False
2025-05-30,0.3662090071487911,False
2025-05-31,0.3586465605320179,False
2025-06-01,0.3594072630312971,False
2025-06-02,0.3560924620226401,False
2025-06-03,0.350000786471379,False
2025-06-04,0.3519030199075907,False
2025-06-05,0.3644108598082082,False
2025-06-06,0.3754764848858674,False
2025-06-07,0.3057528613407689,False
2025-06-08,0.3055006964325438,False
2025-06-09,0.3341084221178707,False
2025-06-10,0.3331168623212681,False
2025-06-11,0.334172454395698,False
2025-06-12,0.3448187807929574,False
2025-06-13,0.3439590297624959,False
2025-06-14,0.3447477922628474,False
2025-06-15,0.3445581466723268,False
2025-06-16,0.3463736767341589,False
2025-06-17,0.3366655002994668,False
2025-06-18,0.3357380921732608,False
2025-06-19,0.3332903197283063,False
2025-06-20,0.3207100102775642,False
2025-06-21,0.3135793056900882,False
2025-06-22,0.2871496921205652,False
2025-06-23,0.3308252104064108,False
2025-06-24,0.3284755647322345,False
2025-06-25,0.3313605216161067,False
2025-06-26,0.3313170151595819,False
2025-06-27,0.3291945211259244,False
2025-06-28,0.321267031972101,False
2025-06-29,0.3173247824841484,False
2025-06-30,0.3200544921747278,False
2025-07-01,0.3222251161898136,False
2025-07-02,0.3385242504761581,False
2025-07-03,0.3386246704207079,False
2025-07-04,0.3422074165359235,False
2025-07-05,0.3230070941919375,False
2025-07-06,0.3108892159541734,False
2025-07-07,0.3106423872266055,False
2025-07-08,0.3111339564861827,False
2025-07-09,0.2835710376077616,False
2025-07-10,0.3182470871924229,False
2025-07-11,0.3151859107132496,False
2025-07-12,0.298815124061325,False
2025-07-13,0.3010405842456555,False
2025-07-14,0.2990179047626908,False
2025-07-15,0.308259562053838,False
2025-07-16,0.3073311461224078,False
2025-07-17,0.2946415516207227,False
2025-07-18,0.2993965737409133,False
2025-07-19,0.2990934158471766,False
2025-07-20,0.2946785561223585,False
2025-07-21,0.2902529214661407,False
2025-07-22,0.2893112729458108,False
2025-07-23,0.2568708316204077,False
2025-07-24,0.2581112588863201,False
2025-07-25,0.258417419911262,False
2025-07-26,0.2572360923641337,False
2025-07-27,0.259157870603691,False
2025-07-28,0.2654513353178109,False
2025-07-29,0.2645850064943653,False
2025-07-30,0.2598111822466803,False
2025-07-31,0.2635698736261863,False
2025-08-01,0.258295587432809,False
2025-08-02,0.2590352316047964,False
2025-08-03,0.2571588453870052,False
2025-08-04,0.2578810779891242,False
2025-08-05,0.258946916920296,False
2025-08-06,0.2571899985722869,False
2025-08-07,0.2656583306123408,False
2025-08-08,0.2583105967390554,False
2025-08-09,0.2138184233466392,False
2025-08-10,0.2252236002840121,False
2025-08-11,0.2259743506704959,False
2025-08-12,0.2244163144134635,False
2025-08-13,0.2414416702349026,False
2025-08-14,0.2747048645604289,False
2025-08-15,0.2746846001694046,False
2025-08-16,0.2741441039482574,False
2025-08-17,0.2715755661870615,False
2025-08-18,0.2738825501519005,False
2025-08-19,0.2916679330161423,False
2025-08-20,0.2956372514433622,False
2025-08-21,0.2887796529198627,False
2025-08-22,0.3214953218978558,False
2025-08-23,0.3242906910451881,False
2025-08-24,0.3285129695863486,False
2025-08-25,0.342658028796064,False
2025-08-26,0.344138287724744,False
2025-08-27,0.3421802102928943,False
2025-08-28,0.3454645216210001,False
2025-08-29,0.3667605322274222,False
2025-08-30,0.3632984457276757,False
2025-08-31,0.3569248358501032,False
2025-09-01,0.3582328975588467,False
2025-09-02,0.3599354658217842,False
2025-09-03,0.3592686757678242,False
2025-09-04,0.3595006781679352,False
2025-09-05,0.3581602039768709,False
2025-09-06,0.3488316077256335,False
2025-09-07,0.3502468241291494,False
2025-09-08,0.3518354032342181,False
2025-09-09,0.3400101969783077,False
2025-09-10,0.3498074674376508,False
2025-09-11,0.3505556459994171,False
2025-09-12,0.3371208768266581,False
2025-09-13,0.3071006627321796,False
2025-09-14,0.3062680270504804,False
2025-09-15,0.3062485200341506,False
2025-09-16,0.3093748608783805,False
2025-09-17,0.3074318511400292,False
2025-09-18,0.2886940776109087,False
2025-09-19,0.2894889179291387,False
2025-09-20,0.2831156453537874,False
2025-09-21,0.246846934136886,False
2025-09-22,0.254813078582722,False
2025-09-23,0.2492439713211049,False
2025-09-24,0.2294186892034733,False
2025-09-25,0.2604745488863298,False
2025-09-26,0.2610177889116507,False
2025-09-27,0.257249588335283,False
2025-09-28,0.2347585515629502,False
2025-09-29,0.243965308581047,False
2025-09-30,0.2432798820206673,False
2025-10-01,0.2768911919998422,False
2025-10-02,0.2764115611332296,False
2025-10-03,0.278686011236022,False
2025-10-04,0.2753770641266495,False
2025-10-05,0.2755959130747118,False
2025-10-06,0.2750152938855408,False
2025-10-07,0.2945242262663978,False
2025-10-08,0.297317569150949,False
2025-10-09,0.301724902677136,False
2025-10-10,0.3870815203790921,False
2025-10-11,0.3907172672511348,False
2025-10-12,0.4151545885695802,False
2025-10-13,0.4151406995579658,False
2025-10-14,0.419981852088501,False
2025-10-15,0.4258366283032878,False
2025-10-16,0.4299605657674789,False
2025-10-17,0.4325569339590431,False
2025-10-18,0.432850675024912,False
2025-10-19,0.4350674764831881,False
2025-10-20,0.4403364067484532,False
2025-10-21,0.4446741431566979,False
2025-10-22,0.4390648153751129,False
2025-10-23,0.4460605239628836,False
2025-10-24,0.4451697197935668,False
2025-10-25,0.4245886903474707,False
2025-10-26,0.4327216674871627,False
2025-10-27,0.4329909767941324,False
2025-10-28,0.4282527201752735,False
2025-10-29,0.4314973809067686,False
2025-10-30,0.4345689321781323,False
2025-10-31,0.4107436837606222,False
2025-11-01,0.4055355877254268,False
2025-11-02,0.4025410469925906,False
2025-11-03,0.4190770492882223,False
2025-11-04,0.4409888131059084,False
2025-11-05,0.4489719782750652,False
2025-11-06,0.4481189818913374,False
2025-11-07,0.4512896586765511,False
2025-11-08,0.4507850444630036,False
2025-11-09,0.3979791688036976,False
2025-11-10,0.3951099623848656,False
2025-11-11,0.377624032748822,False
2025-11-12,0.3786741128852562,False
2025-11-13,0.3790045084612954,False
2025-11-14,0.4124559944100653,False
2025-11-15,0.4112317828265571,False
2025-11-16,0.4107076232299148,False
2025-11-17,0.4136210299219487,False
2025-11-18,0.411414150035341,False
2025-11-19,0.4047776462522968,False
2025-11-20,0.4344642848927968,False
2025-11-21,0.4360281462089275,False
2025-11-22,0.4228399859638834,False
2025-11-23,0.4352552658091044,False
2025-11-24,0.441448842934612,False
2025-11-25,0.4252426939294582,False
2025-11-26,0.4531879711827594,False
2025-11-27,0.4564154141379067,False
2025-11-28,0.4513611659111959,False
2025-11-29,0.4503036091271502,False
2025-11-30,0.4460654689493155,False
2025-12-01,0.4642852486672955,False
2025-12-02,0.5168473100313726,False
2025-12-03,0.5145056853971046,False
2025-12-04,0.492945439067676,False
2025-12-05,0.4926978198952057,False
2025-12-06,0.4873355713276374,False
2025-12-07,0.4831967819203696,False
2025-12-08,0.4831804618003114,False
2025-12-09,0.4823384524466603,False
2025-12-10,0.4790048486388526,False
2025-12-11,0.472201505097882,False
2025-12-12,0.4767226832182302,False
2025-12-13,0.4735025717401848,False
2025-12-14,0.4443730682281617,False
2025-12-15,0.4455640040469564,False
2025-12-16,0.4487111421011306,False
2025-12-17,0.4472559482374219,False
2025-12-18,0.4458344577644805,False
2025-12-19,0.4578739764009293,False
2025-12-20,0.4179084110370302,False
2025-12-21,0.4124796865194057,False
2025-12-22,0.4119147500262461,False
2025-12-23,0.4054441018571854,False
2025-12-24,0.4011702042733579,False
2025-12-25,0.3997092214372785,False
2025-12-26,0.3778194028718433,False
2025-12-27,0.3770737141277227,False
2025-12-28,0.3769595933088786,False
2025-12-29,0.3777426750913399,False
2025-12-30,0.381540307259557,False
2025-12-31,0.3483635455598387,False
2026-01-01,0.2845447252049261,False
2026-01-02,0.2755006372732522,False
2026-01-03,0.272532542771093,False
2026-01-04,0.252700600291683,False
2026-01-05,0.268495935844895,False
2026-01-06,0.2657999820133218,False
2026-01-07,0.2820485158016072,False
2026-01-08,0.2705033971123784,False
2026-01-09,0.2700621332176935,False
2026-01-10,0.2692672054817641,False
2026-01-11,0.2560480198100174,False
2026-01-12,0.2563789505196339,False
2026-01-13,0.2861197213242729,False
2026-01-14,0.2781749821630482,False
2026-01-15,0.2813399554231591,False
2026-01-16,0.2699759362348104,False
2026-01-17,0.2683943280025759,False
2026-01-18,0.2576349723959397,False
2026-01-19,0.2619822968309173,False
2026-01-20,0.3098018828211767,False
2026-01-21,0.3125747278290855,False
2026-01-22,0.3092390421056733,False
2026-01-23,0.3092027670008704,False
2026-01-24,0.309221109100444,False
2026-01-25,0.3257008853994693,False
2026-01-26,0.332354226602809,False
2026-01-27,0.3338811747170141,False
2026-01-28,0.3324465551404246,False
2026-01-29,0.3758369270639081,False
2026-01-30,0.3746717731902836,False
2026-01-31,0.4323937104203234,False
2026-02-01,0.4316767361631045,False
2026-02-02,0.4400833458036451,False
2026-02-03,0.4531646157741055,False
2026-02-04,0.4475345164715207,False
2026-02-05,0.6441870286012888,True
2026-02-06,0.8017788080734907,True
2026-02-07,0.8023945021779814,True
2026-02-08,0.8061590260986623,True
2026-02-09,0.8060998373418289,True
2026-02-10,0.8057555648463176,True
2026-02-11,0.8068101956180019,True
2026-02-12,0.7823607610384691,True
2026-02-13,0.7966959578023914,True
2026-02-14,0.8008109714135612,True
2026-02-15,0.8002396501781468,True
2026-02-16,0.8009091731348688,True
2026-02-17,0.8014076214457535,True
2026-02-18,0.8016523086611699,True
2026-02-19,0.7934263289847029,True
2026-02-20,0.794682091776808,True
2026-02-21,0.7945469141455378,True
2026-02-22,0.7940177095247739,True
2026-02-23,0.8039700757988009,True
2026-02-24,0.8017680922291092,True
2026-02-25,0.7997810271123424,True
